I,X,Y,W,H,HX,HY,ATTR
0,0,0,16,16,0,0,1
1,16,0,16,16,0,0,1
2,32,0,16,16,0,0,1
3,48,0,16,16,0,0,1
4,64,0,16,16,0,0,1
5,80,0,16,16,0,0,1
6,96,0,16,16,0,0,1
7,112,0,16,16,0,0,1
8,128,0,16,16,0,0,1
9,144,0,16,16,0,0,1
10,160,0,16,16,0,0,1
11,176,0,16,16,0,0,1
12,192,0,16,16,0,0,1
13,208,0,16,16,0,0,1
14,224,0,16,16,0,0,1
15,240,0,16,16,0,0,1
16,256,0,16,16,0,0,1
17,272,0,16,16,0,0,1
18,288,0,16,16,0,0,1
19,304,0,16,16,0,0,1
20,320,0,16,16,0,0,1
21,336,0,16,16,0,0,1
22,352,0,16,16,0,0,1
23,368,0,16,16,0,0,1
24,384,0,16,16,0,0,1
25,400,0,16,16,0,0,1
26,416,0,16,16,0,0,1
27,432,0,16,16,0,0,1
28,448,0,16,16,0,0,1
29,464,0,16,16,0,0,1
30,480,0,16,16,0,0,1
31,496,0,16,16,0,0,1
32,0,16,16,16,0,0,1
33,16,16,16,16,0,0,1
34,32,16,16,16,0,0,1
35,48,16,16,16,0,0,1
36,64,16,16,16,0,0,1
37,80,16,16,16,0,0,1
38,96,16,16,16,0,0,1
39,112,16,16,16,0,0,1
40,128,16,16,16,0,0,1
41,144,16,16,16,0,0,1
42,160,16,16,16,0,0,1
43,176,16,16,16,0,0,1
44,192,16,16,16,0,0,1
45,208,16,16,16,0,0,1
46,224,16,16,16,0,0,1
47,240,16,16,16,0,0,1
48,256,16,16,16,0,0,1
49,272,16,16,16,0,0,1
50,288,16,16,16,0,0,1
51,304,16,16,16,0,0,1
52,320,16,16,16,0,0,1
53,336,16,16,16,0,0,1
54,352,16,16,16,0,0,1
55,368,16,16,16,0,0,1
56,384,16,16,16,0,0,1
57,400,16,16,16,0,0,1
58,416,16,16,16,0,0,1
59,432,16,16,16,0,0,1
60,448,16,16,16,0,0,1
61,464,16,16,16,0,0,1
62,480,16,16,16,0,0,1
63,496,16,16,16,0,0,1
64,0,32,16,16,0,0,1
65,16,32,16,16,0,0,1
66,32,32,16,16,0,0,1
67,48,32,16,16,0,0,1
68,64,32,16,16,0,0,1
69,80,32,16,16,0,0,1
70,96,32,16,16,0,0,1
71,112,32,16,16,0,0,1
72,128,32,16,16,0,0,1
73,144,32,16,16,0,0,1
74,160,32,16,16,0,0,1
75,176,32,16,16,0,0,1
76,192,32,16,16,0,0,1
77,208,32,16,16,0,0,1
78,224,32,16,16,0,0,1
79,240,32,16,16,0,0,1
80,256,32,16,16,0,0,1
81,272,32,16,16,0,0,1
82,288,32,16,16,0,0,1
83,304,32,16,16,0,0,1
84,320,32,16,16,0,0,1
85,336,32,16,16,0,0,1
86,352,32,16,16,0,0,1
87,368,32,16,16,0,0,1
88,384,32,16,16,0,0,1
89,400,32,16,16,0,0,1
90,416,32,16,16,0,0,1
91,432,32,16,16,0,0,1
92,448,32,16,16,0,0,1
93,464,32,16,16,0,0,1
94,480,32,16,16,0,0,1
95,496,32,16,16,0,0,1
96,0,48,16,16,0,0,1
97,16,48,16,16,0,0,1
98,480,368,8,16,0,0,1
99,32,48,16,16,0,0,1
100,48,48,16,16,0,0,1
101,64,48,16,16,0,0,1
102,80,48,16,16,0,0,1
103,96,48,16,16,0,0,1
104,112,48,16,16,0,0,1
105,128,48,16,16,0,0,1
106,144,48,16,16,0,0,1
107,160,48,16,16,0,0,1
108,176,48,16,16,0,0,1
109,192,48,16,16,0,0,1
110,208,48,16,16,0,0,1
111,224,48,16,16,0,0,1
112,240,48,16,16,0,0,1
113,240,48,16,16,0,0,3
114,240,48,16,16,0,0,5
115,240,48,16,16,0,0,7
116,256,48,16,16,0,0,1
117,256,48,16,16,0,0,3
118,256,48,16,16,0,0,5
119,256,48,16,16,0,0,7
120,272,48,16,16,0,0,1
121,272,48,16,16,0,0,3
122,272,48,16,16,0,0,5
123,272,48,16,16,0,0,7
124,288,48,16,16,0,0,1
125,288,48,16,16,0,0,3
126,288,48,16,16,0,0,5
127,288,48,16,16,0,0,7
128,304,48,16,16,0,0,1
129,304,48,16,16,0,0,3
130,304,48,16,16,0,0,5
131,304,48,16,16,0,0,7
132,320,48,16,16,0,0,1
133,320,48,16,16,0,0,3
134,320,48,16,16,0,0,5
135,320,48,16,16,0,0,7
136,384,384,8,16,0,0,1
137,384,384,8,16,0,0,3
138,384,384,8,16,0,0,5
139,384,384,8,16,0,0,7
140,392,384,8,16,0,0,1
141,392,384,8,16,0,0,3
142,392,384,8,16,0,0,5
143,392,384,8,16,0,0,7
144,336,48,16,16,0,0,1
145,336,48,16,16,0,0,3
146,336,48,16,16,0,0,5
147,336,48,16,16,0,0,7
148,400,384,8,16,0,0,1
149,400,384,8,16,0,0,3
150,400,384,8,16,0,0,5
151,400,384,8,16,0,0,7
152,408,384,8,16,0,0,1
153,408,384,8,16,0,0,3
154,408,384,8,16,0,0,5
155,408,384,8,16,0,0,7
156,352,48,16,16,0,0,1
157,352,48,16,16,0,0,3
158,352,48,16,16,0,0,5
159,352,48,16,16,0,0,7
160,368,48,16,16,0,0,1
161,368,48,16,16,0,0,3
162,368,48,16,16,0,0,5
163,368,48,16,16,0,0,7
164,168,496,8,16,0,0,1
165,176,496,8,16,0,0,1
166,168,496,8,16,0,0,1
167,184,496,8,16,0,0,1
168,384,48,16,16,0,0,1
169,400,48,16,16,0,0,1
170,480,328,16,8,0,0,1
171,480,328,16,8,0,0,3
172,480,328,16,8,0,0,5
173,480,328,16,8,0,0,7
174,496,328,16,8,0,0,1
175,496,328,16,8,0,0,3
176,496,328,16,8,0,0,5
177,496,328,16,8,0,0,7
178,328,384,8,16,0,0,1
179,328,384,8,16,0,0,3
180,328,384,8,16,0,0,5
181,328,384,8,16,0,0,7
182,416,48,16,16,0,0,1
183,432,48,16,16,0,0,1
184,448,48,16,16,0,0,1
185,464,48,16,16,0,0,1
186,480,48,16,16,0,0,1
187,496,48,16,16,0,0,1
188,0,64,16,16,0,0,1
189,0,64,16,16,0,0,3
190,0,64,16,16,0,0,5
191,0,64,16,16,0,0,7
192,16,64,16,16,0,0,1
193,16,64,16,16,0,0,3
194,16,64,16,16,0,0,5
195,16,64,16,16,0,0,7
196,352,384,8,16,0,0,1
197,352,384,8,16,0,0,3
198,352,384,8,16,0,0,5
199,352,384,8,16,0,0,7
200,360,384,8,16,0,0,1
201,360,384,8,16,0,0,3
202,360,384,8,16,0,0,5
203,360,384,8,16,0,0,7
204,368,384,8,16,0,0,1
205,368,384,8,16,0,0,3
206,368,384,8,16,0,0,5
207,368,384,8,16,0,0,7
208,32,64,16,16,0,0,1
209,48,64,16,16,0,0,1
210,64,64,16,16,0,0,1
211,80,64,16,16,0,0,1
212,96,64,16,16,0,0,1
213,112,64,16,16,0,0,1
214,128,64,16,16,0,0,1
215,144,64,16,16,0,0,1
216,160,64,16,16,0,0,1
217,176,64,16,16,0,0,1
218,192,64,16,16,0,0,1
219,208,64,16,16,0,0,1
220,224,64,16,16,0,0,1
221,240,64,16,16,0,0,1
222,256,64,16,16,0,0,1
223,272,64,16,16,0,0,1
224,288,64,16,16,0,0,1
225,304,64,16,16,0,0,1
226,320,64,16,16,0,0,1
227,336,64,16,16,0,0,1
228,504,352,8,16,0,0,1
229,336,64,16,16,0,0,9
230,352,64,16,16,0,0,1
231,368,64,16,16,0,0,1
232,496,352,8,16,0,0,1
233,368,64,16,16,0,0,9
234,384,64,16,16,0,0,1
235,400,64,16,16,0,0,1
236,416,64,16,16,0,0,1
237,400,80,16,16,0,0,1
238,168,480,8,16,0,0,1
239,432,64,16,16,0,0,1
240,448,64,16,16,0,0,1
241,464,64,16,16,0,0,1
242,480,64,16,16,0,0,1
243,496,64,16,16,0,0,1
244,0,80,16,16,0,0,1
245,16,80,16,16,0,0,1
246,32,80,16,16,0,0,1
247,48,80,16,16,0,0,1
248,64,80,16,16,0,0,1
249,48,80,16,16,0,0,9
250,32,80,16,16,0,0,17
251,48,80,16,16,0,0,17
252,64,80,16,16,0,0,17
253,48,80,16,16,0,0,25
254,80,80,16,16,0,0,1
255,96,80,16,16,0,0,1
256,80,80,16,16,0,0,9
257,96,80,16,16,0,0,9
258,416,392,8,8,0,0,1
259,424,384,8,16,0,0,1
260,112,80,16,16,0,0,1
261,128,80,16,16,0,0,1
262,144,80,16,16,0,0,1
263,160,80,16,16,0,0,1
264,176,80,16,16,0,0,1
265,192,80,16,16,0,0,1
266,208,80,16,16,0,0,1
267,224,80,16,16,0,0,1
268,240,80,16,16,0,0,1
269,256,80,16,16,0,0,1
270,272,80,16,16,0,0,1
271,288,80,16,16,0,0,1
272,304,80,16,16,0,0,1
273,304,80,16,16,0,0,3
274,320,80,16,16,0,0,1
275,320,80,16,16,0,0,9
276,336,80,16,16,0,0,1
277,352,80,16,16,0,0,1
278,488,352,8,16,0,0,1
279,368,80,16,16,0,0,1
280,384,80,16,16,0,0,1
281,416,80,16,16,0,0,1
282,432,80,16,16,0,0,1
283,448,80,16,16,0,0,1
284,464,80,16,16,0,0,1
285,480,80,16,16,0,0,1
286,496,80,16,16,0,0,1
287,0,96,16,16,0,0,1
288,16,96,16,16,0,0,1
289,32,96,16,16,0,0,1
290,48,96,16,16,0,0,1
291,48,96,16,16,0,0,3
292,48,96,16,16,0,0,5
293,48,96,16,16,0,0,7
294,64,96,16,16,0,0,1
295,64,96,16,16,0,0,3
296,64,96,16,16,0,0,5
297,64,96,16,16,0,0,7
298,80,96,16,16,0,0,1
299,96,96,16,16,0,0,1
300,400,496,16,8,0,0,1
301,400,496,16,8,0,0,3
302,400,496,16,8,0,0,5
303,400,496,16,8,0,0,7
304,112,96,16,16,0,0,1
305,128,96,16,16,0,0,1
306,144,96,16,16,0,0,1
307,160,96,16,16,0,0,1
308,176,96,16,16,0,0,1
309,192,96,16,16,0,0,1
310,208,96,16,16,0,0,1
311,224,96,16,16,0,0,1
312,240,96,16,16,0,0,1
313,256,96,16,16,0,0,1
314,272,96,16,16,0,0,1
315,488,368,8,16,0,0,1
316,488,368,8,16,0,0,3
317,488,368,8,16,0,0,5
318,488,368,8,16,0,0,7
319,376,384,8,16,0,0,1
320,376,384,8,16,0,0,3
321,376,384,8,16,0,0,5
322,376,384,8,16,0,0,7
323,288,96,16,16,0,0,1
324,288,96,16,16,0,0,3
325,288,96,16,16,0,0,5
326,288,96,16,16,0,0,7
327,304,96,16,16,0,0,1
328,304,96,16,16,0,0,3
329,304,96,16,16,0,0,5
330,304,96,16,16,0,0,7
331,320,96,16,16,0,0,1
332,320,96,16,16,0,0,3
333,320,96,16,16,0,0,5
334,320,96,16,16,0,0,7
335,336,96,16,16,0,0,1
336,352,96,16,16,0,0,1
337,368,96,16,16,0,0,1
338,384,96,16,16,0,0,1
339,400,96,16,16,0,0,1
340,416,96,16,16,0,0,1
341,432,96,16,16,0,0,1
342,448,96,16,16,0,0,1
343,464,96,16,16,0,0,1
344,480,96,16,16,0,0,1
345,496,96,16,16,0,0,1
346,480,352,8,16,0,0,1
347,0,112,16,16,0,0,1
348,0,112,16,16,0,0,3
349,0,112,16,16,0,0,5
350,0,112,16,16,0,0,7
351,16,112,16,16,0,0,1
352,16,112,16,16,0,0,3
353,16,112,16,16,0,0,5
354,16,112,16,16,0,0,7
355,32,112,16,16,0,0,1
356,32,112,16,16,0,0,3
357,32,112,16,16,0,0,5
358,32,112,16,16,0,0,7
359,48,112,16,16,0,0,1
360,48,112,16,16,0,0,3
361,48,112,16,16,0,0,5
362,48,112,16,16,0,0,7
363,64,112,16,16,0,0,1
364,80,112,16,16,0,0,1
365,96,112,16,16,0,0,1
366,112,112,16,16,0,0,1
367,96,112,16,16,0,0,9
368,128,112,16,16,0,0,1
369,144,120,16,8,0,0,1
370,160,120,16,8,0,0,1
371,144,112,16,8,0,0,1
372,160,112,16,8,0,0,1
373,176,112,16,16,0,0,1
374,176,112,16,16,0,0,3
375,176,112,16,16,0,0,5
376,176,112,16,16,0,0,7
377,192,112,16,16,0,0,1
378,192,112,16,16,0,0,3
379,192,112,16,16,0,0,5
380,192,112,16,16,0,0,7
381,208,112,16,16,0,0,1
382,208,112,16,16,0,0,3
383,208,112,16,16,0,0,5
384,208,112,16,16,0,0,7
385,224,112,16,16,0,0,1
386,224,112,16,16,0,0,3
387,224,112,16,16,0,0,5
388,224,112,16,16,0,0,7
389,240,112,16,16,0,0,1
390,240,112,16,16,0,0,3
391,240,112,16,16,0,0,5
392,240,112,16,16,0,0,7
393,256,112,16,16,0,0,1
394,256,112,16,16,0,0,9
395,256,112,16,16,0,0,3
396,256,112,16,16,0,0,11
397,256,112,16,16,0,0,5
398,256,112,16,16,0,0,13
399,256,112,16,16,0,0,7
400,256,112,16,16,0,0,15
401,272,112,16,16,0,0,1
402,272,112,16,16,0,0,3
403,272,112,16,16,0,0,5
404,272,112,16,16,0,0,7
405,288,112,16,16,0,0,1
406,304,112,16,16,0,0,1
407,288,112,16,16,0,0,3
408,304,112,16,16,0,0,3
409,288,112,16,16,0,0,5
410,304,112,16,16,0,0,5
411,288,112,16,16,0,0,7
412,304,112,16,16,0,0,7
413,320,112,16,16,0,0,1
414,336,112,16,16,0,0,1
415,320,112,16,16,0,0,9
416,336,112,16,16,0,0,9
417,352,112,16,16,0,0,1
418,352,112,16,16,0,0,9
419,352,112,16,16,0,0,3
420,352,112,16,16,0,0,11
421,352,112,16,16,0,0,5
422,352,112,16,16,0,0,13
423,352,112,16,16,0,0,7
424,352,112,16,16,0,0,15
425,368,112,16,16,0,0,1
426,368,112,16,16,0,0,9
427,368,112,16,16,0,0,3
428,368,112,16,16,0,0,11
429,368,112,16,16,0,0,5
430,368,112,16,16,0,0,13
431,368,112,16,16,0,0,7
432,368,112,16,16,0,0,15
433,384,112,16,16,0,0,1
434,384,112,16,16,0,0,3
435,384,112,16,16,0,0,5
436,384,112,16,16,0,0,7
437,400,112,16,16,0,0,1
438,400,112,16,16,0,0,3
439,400,112,16,16,0,0,5
440,400,112,16,16,0,0,7
441,416,112,16,16,0,0,1
442,416,112,16,16,0,0,3
443,416,112,16,16,0,0,5
444,416,112,16,16,0,0,7
445,432,112,16,16,0,0,1
446,416,400,8,16,0,0,1
447,424,400,8,16,0,0,1
448,432,400,8,16,0,0,1
449,440,400,8,16,0,0,1
450,448,400,8,16,0,0,1
451,456,400,8,16,0,0,1
452,320,128,16,16,0,0,1
453,336,128,16,16,0,0,1
454,352,128,16,16,0,0,1
455,368,128,16,16,0,0,1
456,384,128,16,16,0,0,1
457,400,128,16,16,0,0,1
458,426,128,16,16,0,0,1
459,432,128,16,16,0,0,1
460,448,128,16,16,0,0,1
461,464,128,16,16,0,0,1
462,480,128,16,16,0,0,1
463,496,128,16,16,0,0,1
464,0,272,16,16,0,0,1
465,16,272,16,16,0,0,1
466,0,272,16,16,0,0,9
467,32,272,16,16,0,0,1
468,48,272,16,16,0,0,1
469,48,272,16,16,0,0,1
470,48,272,16,16,0,0,9
471,48,272,16,16,0,0,9
472,64,272,16,16,0,0,1
473,80,272,16,16,0,0,1
474,64,272,16,16,0,0,9
475,96,272,16,16,0,0,1
476,112,272,16,16,0,0,1
477,112,272,16,16,0,0,1
478,112,272,16,16,0,0,9
479,112,272,16,16,0,0,9
480,128,272,16,16,0,0,1
481,144,272,16,16,0,0,1
482,128,272,16,16,0,0,9
483,160,272,16,16,0,0,1
484,176,272,16,16,0,0,1
485,176,272,16,16,0,0,1
486,176,272,16,16,0,0,9
487,176,272,16,16,0,0,9
488,192,272,16,16,0,0,1
489,208,272,16,16,0,0,1
490,192,272,16,16,0,0,9
491,224,272,16,16,0,0,1
492,240,272,16,16,0,0,1
493,240,272,16,16,0,0,1
494,240,272,16,16,0,0,9
495,240,272,16,16,0,0,9
496,0,144,16,16,0,0,1
497,16,144,16,16,0,0,1
498,0,144,16,16,0,0,1
499,32,144,16,16,0,0,1
500,48,144,16,16,0,0,1
501,64,144,16,16,0,0,1
502,48,144,16,16,0,0,1
503,64,144,16,16,0,0,9
504,0,144,16,16,0,0,9
505,16,144,16,16,0,0,9
506,0,144,16,16,0,0,9
507,32,144,16,16,0,0,9
508,80,144,16,16,0,0,1
509,96,144,16,16,0,0,1
510,80,144,16,16,0,0,1
511,96,144,16,16,0,0,9
512,112,144,16,16,0,0,1
513,112,144,16,16,0,0,1
514,112,144,16,16,0,0,9
515,112,144,16,16,0,0,9
516,128,144,16,16,0,0,1
517,144,144,16,16,0,0,1
518,128,144,16,16,0,0,1
519,160,144,16,16,0,0,1
520,176,144,16,16,0,0,1
521,192,144,16,16,0,0,1
522,176,144,16,16,0,0,1
523,192,144,16,16,0,0,9
524,128,144,16,16,0,0,9
525,144,144,16,16,0,0,9
526,128,144,16,16,0,0,9
527,160,144,16,16,0,0,9
528,208,144,16,16,0,0,1
529,224,144,16,16,0,0,1
530,208,144,16,16,0,0,1
531,224,144,16,16,0,0,9
532,240,144,16,16,0,0,1
533,240,144,16,16,0,0,1
534,240,144,16,16,0,0,9
535,240,144,16,16,0,0,9
536,256,144,16,16,0,0,1
537,272,144,16,16,0,0,1
538,256,144,16,16,0,0,1
539,288,144,16,16,0,0,1
540,304,144,16,16,0,0,1
541,320,144,16,16,0,0,1
542,304,144,16,16,0,0,1
543,320,144,16,16,0,0,9
544,256,144,16,16,0,0,9
545,272,144,16,16,0,0,9
546,256,144,16,16,0,0,9
547,288,144,16,16,0,0,9
548,336,144,16,16,0,0,1
549,352,144,16,16,0,0,1
550,336,144,16,16,0,0,1
551,352,144,16,16,0,0,9
552,368,144,16,16,0,0,1
553,368,144,16,16,0,0,1
554,368,144,16,16,0,0,9
555,368,144,16,16,0,0,9
556,384,144,16,16,0,0,1
557,400,144,16,16,0,0,1
558,384,144,16,16,0,0,1
559,416,144,16,16,0,0,1
560,432,144,16,16,0,0,1
561,448,144,16,16,0,0,1
562,432,144,16,16,0,0,1
563,448,144,16,16,0,0,9
564,384,144,16,16,0,0,9
565,400,144,16,16,0,0,9
566,384,144,16,16,0,0,9
567,416,144,16,16,0,0,9
568,464,144,16,16,0,0,1
569,480,144,16,16,0,0,1
570,464,144,16,16,0,0,1
571,480,144,16,16,0,0,9
572,496,144,16,16,0,0,1
573,496,144,16,16,0,0,1
574,496,144,16,16,0,0,9
575,496,144,16,16,0,0,9
576,0,160,16,16,0,0,1
577,16,160,16,16,0,0,1
578,0,160,16,16,0,0,1
579,32,160,16,16,0,0,1
580,48,160,16,16,0,0,1
581,64,160,16,16,0,0,1
582,48,160,16,16,0,0,1
583,64,160,16,16,0,0,9
584,0,160,16,16,0,0,9
585,16,160,16,16,0,0,9
586,0,160,16,16,0,0,9
587,32,160,16,16,0,0,9
588,80,160,16,16,0,0,1
589,96,160,16,16,0,0,1
590,80,160,16,16,0,0,1
591,96,160,16,16,0,0,9
592,112,160,16,16,0,0,1
593,112,160,16,16,0,0,1
594,112,160,16,16,0,0,9
595,112,160,16,16,0,0,9
596,128,160,16,16,0,0,1
597,144,160,16,16,0,0,1
598,128,160,16,16,0,0,1
599,160,160,16,16,0,0,1
600,176,160,16,16,0,0,1
601,192,160,16,16,0,0,1
602,176,160,16,16,0,0,1
603,192,160,16,16,0,0,9
604,128,160,16,16,0,0,9
605,144,160,16,16,0,0,9
606,128,160,16,16,0,0,9
607,160,160,16,16,0,0,9
608,208,160,16,16,0,0,1
609,224,160,16,16,0,0,1
610,208,160,16,16,0,0,1
611,224,160,16,16,0,0,9
612,240,160,16,16,0,0,1
613,240,160,16,16,0,0,1
614,240,160,16,16,0,0,9
615,240,160,16,16,0,0,9
616,256,160,16,16,0,0,1
617,272,160,16,16,0,0,1
618,256,160,16,16,0,0,1
619,288,160,16,16,0,0,1
620,304,160,16,16,0,0,1
621,320,160,16,16,0,0,1
622,304,160,16,16,0,0,1
623,320,160,16,16,0,0,9
624,256,160,16,16,0,0,9
625,272,160,16,16,0,0,9
626,256,160,16,16,0,0,9
627,288,160,16,16,0,0,9
628,336,160,16,16,0,0,1
629,352,160,16,16,0,0,1
630,336,160,16,16,0,0,1
631,352,160,16,16,0,0,9
632,368,160,16,16,0,0,1
633,368,160,16,16,0,0,1
634,368,160,16,16,0,0,9
635,368,160,16,16,0,0,9
636,384,160,16,16,0,0,1
637,400,160,16,16,0,0,1
638,384,160,16,16,0,0,1
639,416,160,16,16,0,0,1
640,432,160,16,16,0,0,1
641,448,160,16,16,0,0,1
642,432,160,16,16,0,0,1
643,448,160,16,16,0,0,9
644,384,160,16,16,0,0,9
645,400,160,16,16,0,0,9
646,384,160,16,16,0,0,9
647,416,160,16,16,0,0,9
648,464,160,16,16,0,0,1
649,480,160,16,16,0,0,1
650,464,160,16,16,0,0,1
651,480,160,16,16,0,0,9
652,496,160,16,16,0,0,1
653,496,160,16,16,0,0,1
654,496,160,16,16,0,0,9
655,496,160,16,16,0,0,9
656,0,176,16,16,0,0,1
657,16,176,16,16,0,0,1
658,0,176,16,16,0,0,1
659,32,176,16,16,0,0,1
660,48,176,16,16,0,0,1
661,64,176,16,16,0,0,1
662,48,176,16,16,0,0,1
663,64,176,16,16,0,0,9
664,0,176,16,16,0,0,9
665,16,176,16,16,0,0,9
666,0,176,16,16,0,0,9
667,32,176,16,16,0,0,9
668,80,176,16,16,0,0,1
669,96,176,16,16,0,0,1
670,80,176,16,16,0,0,1
671,96,176,16,16,0,0,9
672,112,176,16,16,0,0,1
673,112,176,16,16,0,0,1
674,112,176,16,16,0,0,9
675,112,176,16,16,0,0,9
676,128,176,16,16,0,0,1
677,144,176,16,16,0,0,1
678,128,176,16,16,0,0,1
679,160,176,16,16,0,0,1
680,176,176,16,16,0,0,1
681,192,176,16,16,0,0,1
682,176,176,16,16,0,0,1
683,192,176,16,16,0,0,9
684,128,176,16,16,0,0,9
685,144,176,16,16,0,0,9
686,128,176,16,16,0,0,9
687,160,176,16,16,0,0,9
688,208,176,16,16,0,0,1
689,224,176,16,16,0,0,1
690,208,176,16,16,0,0,1
691,224,176,16,16,0,0,9
692,240,176,16,16,0,0,1
693,240,176,16,16,0,0,1
694,240,176,16,16,0,0,9
695,240,176,16,16,0,0,9
696,256,176,16,16,0,0,1
697,272,176,16,16,0,0,1
698,256,176,16,16,0,0,1
699,288,176,16,16,0,0,1
700,304,176,16,16,0,0,1
701,320,176,16,16,0,0,1
702,304,176,16,16,0,0,1
703,320,176,16,16,0,0,9
704,256,176,16,16,0,0,9
705,272,176,16,16,0,0,9
706,256,176,16,16,0,0,9
707,288,176,16,16,0,0,9
708,336,176,16,16,0,0,1
709,352,176,16,16,0,0,1
710,336,176,16,16,0,0,1
711,352,176,16,16,0,0,9
712,368,176,16,16,0,0,1
713,368,176,16,16,0,0,1
714,368,176,16,16,0,0,9
715,368,176,16,16,0,0,9
716,384,176,16,16,0,0,1
717,400,176,16,16,0,0,1
718,384,176,16,16,0,0,1
719,416,176,16,16,0,0,1
720,432,176,16,16,0,0,1
721,448,176,16,16,0,0,1
722,432,176,16,16,0,0,1
723,448,176,16,16,0,0,9
724,384,176,16,16,0,0,9
725,400,176,16,16,0,0,9
726,384,176,16,16,0,0,9
727,416,176,16,16,0,0,9
728,464,176,16,16,0,0,1
729,480,176,16,16,0,0,1
730,464,176,16,16,0,0,1
731,480,176,16,16,0,0,9
732,496,176,16,16,0,0,1
733,496,176,16,16,0,0,1
734,496,176,16,16,0,0,9
735,496,176,16,16,0,0,9
736,0,192,16,16,0,0,1
737,16,192,16,16,0,0,1
738,0,192,16,16,0,0,1
739,32,192,16,16,0,0,1
740,48,192,16,16,0,0,1
741,64,192,16,16,0,0,1
742,48,192,16,16,0,0,1
743,65,192,16,16,0,0,9
744,0,192,16,16,0,0,9
745,16,192,16,16,0,0,9
746,0,192,16,16,0,0,9
747,32,192,16,16,0,0,9
748,80,192,16,16,0,0,1
749,96,192,16,16,0,0,1
750,80,192,16,16,0,0,1
751,96,192,16,16,0,0,9
752,112,192,16,16,0,0,1
753,112,192,16,16,0,0,1
754,112,192,16,16,0,0,9
755,112,192,16,16,0,0,9
756,128,192,16,16,0,0,1
757,144,192,16,16,0,0,1
758,128,192,16,16,0,0,1
759,160,192,16,16,0,0,1
760,176,192,16,16,0,0,1
761,192,192,16,16,0,0,1
762,176,192,16,16,0,0,9
763,192,192,16,16,0,0,9
764,128,192,16,16,0,0,9
765,144,192,16,16,0,0,9
766,128,192,16,16,0,0,9
767,160,192,16,16,0,0,1
768,208,192,16,16,0,0,1
769,224,192,16,16,0,0,1
770,208,192,16,16,0,0,9
771,224,192,16,16,0,0,1
772,240,192,16,16,0,0,1
773,240,192,16,16,0,0,1
774,240,192,16,16,0,0,9
775,240,192,16,16,0,0,9
776,256,192,16,16,0,0,1
777,272,192,16,16,0,0,1
778,256,192,16,16,0,0,1
779,288,192,16,16,0,0,1
780,304,192,16,16,0,0,1
781,320,192,16,16,0,0,1
782,304,192,16,16,0,0,1
783,320,192,16,16,0,0,9
784,256,192,16,16,0,0,9
785,272,192,16,16,0,0,9
786,256,192,16,16,0,0,9
787,288,192,16,16,0,0,9
788,336,192,16,16,0,0,1
789,352,192,16,16,0,0,1
790,336,192,16,16,0,0,1
791,352,192,16,16,0,0,9
792,368,192,16,16,0,0,1
793,368,192,16,16,0,0,1
794,368,192,16,16,0,0,9
795,368,192,16,16,0,0,9
796,384,192,16,16,0,0,1
797,400,192,16,16,0,0,1
798,384,192,16,16,0,0,1
799,416,192,16,16,0,0,1
800,432,192,16,16,0,0,1
801,448,192,16,16,0,0,1
802,432,192,16,16,0,0,1
803,448,192,16,16,0,0,9
804,384,192,16,16,0,0,9
805,400,192,16,16,0,0,9
806,384,192,16,16,0,0,9
807,416,192,16,16,0,0,9
808,464,192,16,16,0,0,1
809,480,192,16,16,0,0,1
810,464,192,16,16,0,0,1
811,480,192,16,16,0,0,9
812,496,192,16,16,0,0,1
813,496,192,16,16,0,0,1
814,496,192,16,16,0,0,9
815,496,192,16,16,0,0,9
816,0,208,16,16,0,0,1
817,16,208,16,16,0,0,1
818,0,208,16,16,0,0,1
819,32,208,16,16,0,0,1
820,48,208,16,16,0,0,1
821,64,208,16,16,0,0,1
822,48,208,16,16,0,0,1
823,64,208,16,16,0,0,9
824,0,208,16,16,0,0,9
825,16,208,16,16,0,0,9
826,0,208,16,16,0,0,9
827,32,208,16,16,0,0,9
828,80,208,16,16,0,0,1
829,96,208,16,16,0,0,1
830,80,208,16,16,0,0,1
831,96,208,16,16,0,0,9
832,112,208,16,16,0,0,1
833,112,208,16,16,0,0,1
834,112,208,16,16,0,0,9
835,112,208,16,16,0,0,9
836,128,208,16,16,0,0,1
837,144,208,16,16,0,0,1
838,128,208,16,16,0,0,1
839,160,208,16,16,0,0,1
840,176,208,16,16,0,0,1
841,192,208,16,16,0,0,1
842,176,208,16,16,0,0,1
843,192,208,16,16,0,0,9
844,128,208,16,16,0,0,9
845,144,208,16,16,0,0,9
846,128,208,16,16,0,0,9
847,160,208,16,16,0,0,9
848,208,208,16,16,0,0,1
849,224,208,16,16,0,0,1
850,208,208,16,16,0,0,1
851,224,208,16,16,0,0,9
852,240,208,16,16,0,0,1
853,240,208,16,16,0,0,1
854,240,208,16,16,0,0,9
855,240,208,16,16,0,0,9
856,256,208,16,16,0,0,1
857,272,208,16,16,0,0,1
858,256,208,16,16,0,0,1
859,288,208,16,16,0,0,1
860,304,208,16,16,0,0,1
861,320,208,16,16,0,0,1
862,304,208,16,16,0,0,1
863,320,208,16,16,0,0,9
864,256,208,16,16,0,0,9
865,272,208,16,16,0,0,9
866,256,208,16,16,0,0,9
867,288,208,16,16,0,0,9
868,336,208,16,16,0,0,1
869,352,208,16,16,0,0,1
870,336,208,16,16,0,0,1
871,352,208,16,16,0,0,9
872,368,208,16,16,0,0,1
873,368,208,16,16,0,0,1
874,368,208,16,16,0,0,9
875,368,208,16,16,0,0,9
876,384,208,16,16,0,0,1
877,400,208,16,16,0,0,1
878,384,208,16,16,0,0,1
879,416,208,16,16,0,0,1
880,432,208,16,16,0,0,1
881,448,208,16,16,0,0,1
882,432,208,16,16,0,0,1
883,448,208,16,16,0,0,9
884,384,208,16,16,0,0,9
885,400,208,16,16,0,0,9
886,384,208,16,16,0,0,9
887,416,208,16,16,0,0,9
888,464,208,16,16,0,0,1
889,480,208,16,16,0,0,1
890,464,208,16,16,0,0,1
891,480,208,16,16,0,0,9
892,496,208,16,16,0,0,1
893,496,208,16,16,0,0,1
894,496,208,16,16,0,0,9
895,496,208,16,16,0,0,9
896,0,224,16,16,0,0,1
897,16,224,16,16,0,0,1
898,0,224,16,16,0,0,1
899,32,224,16,16,0,0,1
900,48,224,16,16,0,0,1
901,64,224,16,16,0,0,1
902,48,224,16,16,0,0,1
903,64,224,16,16,0,0,9
904,0,224,16,16,0,0,9
905,16,224,16,16,0,0,9
906,0,224,16,16,0,0,9
907,32,224,16,16,0,0,9
908,80,224,16,16,0,0,1
909,96,224,16,16,0,0,1
910,80,224,16,16,0,0,1
911,96,224,16,16,0,0,9
912,112,224,16,16,0,0,1
913,112,224,16,16,0,0,1
914,112,224,16,16,0,0,9
915,112,224,16,16,0,0,9
916,128,224,16,16,0,0,1
917,144,224,16,16,0,0,1
918,128,224,16,16,0,0,1
919,160,224,16,16,0,0,1
920,176,224,16,16,0,0,1
921,192,224,16,16,0,0,1
922,176,224,16,16,0,0,1
923,192,224,16,16,0,0,9
924,128,224,16,16,0,0,9
925,144,224,16,16,0,0,9
926,128,224,16,16,0,0,9
927,160,224,16,16,0,0,9
928,208,224,16,16,0,0,1
929,224,224,16,16,0,0,1
930,208,224,16,16,0,0,1
931,224,224,16,16,0,0,9
932,240,224,16,16,0,0,1
933,240,224,16,16,0,0,1
934,240,224,16,16,0,0,9
935,240,224,16,16,0,0,9
936,256,224,16,16,0,0,1
937,272,224,16,16,0,0,1
938,256,224,16,16,0,0,1
939,288,224,16,16,0,0,1
940,304,224,16,16,0,0,1
941,320,224,16,16,0,0,1
942,304,224,16,16,0,0,1
943,320,224,16,16,0,0,9
944,256,224,16,16,0,0,9
945,272,224,16,16,0,0,9
946,256,224,16,16,0,0,9
947,288,224,16,16,0,0,9
948,336,224,16,16,0,0,1
949,352,224,16,16,0,0,1
950,336,224,16,16,0,0,1
951,352,224,16,16,0,0,9
952,368,224,16,16,0,0,1
953,368,224,16,16,0,0,1
954,368,224,16,16,0,0,9
955,368,224,16,16,0,0,9
956,384,224,16,16,0,0,1
957,400,224,16,16,0,0,1
958,384,224,16,16,0,0,1
959,416,224,16,16,0,0,1
960,432,224,16,16,0,0,1
961,448,224,16,16,0,0,1
962,432,224,16,16,0,0,1
963,448,224,16,16,0,0,9
964,384,224,16,16,0,0,9
965,400,224,16,16,0,0,9
966,384,224,16,16,0,0,9
967,416,224,16,16,0,0,9
968,464,224,16,16,0,0,1
969,480,224,16,16,0,0,1
970,464,224,16,16,0,0,1
971,480,224,16,16,0,0,9
972,496,224,16,16,0,0,1
973,496,224,16,16,0,0,1
974,496,224,16,16,0,0,9
975,496,224,16,16,0,0,9
976,0,240,16,16,0,0,1
977,16,240,16,16,0,0,1
978,0,240,16,16,0,0,1
979,32,240,16,16,0,0,1
980,48,240,16,16,0,0,1
981,64,240,16,16,0,0,1
982,48,240,16,16,0,0,1
983,64,240,16,16,0,0,9
984,0,240,16,16,0,0,9
985,16,240,16,16,0,0,9
986,0,240,16,16,0,0,9
987,32,240,16,16,0,0,9
988,80,240,16,16,0,0,1
989,96,240,16,16,0,0,1
990,80,240,16,16,0,0,1
991,96,240,16,16,0,0,9
992,112,240,16,16,0,0,1
993,112,240,16,16,0,0,1
994,112,240,16,16,0,0,9
995,112,240,16,16,0,0,9
996,128,240,16,16,0,0,1
997,144,240,16,16,0,0,1
998,128,240,16,16,0,0,1
999,160,240,16,16,0,0,1
1000,176,240,16,16,0,0,1
1001,192,240,16,16,0,0,1
1002,176,240,16,16,0,0,1
1003,192,240,16,16,0,0,9
1004,128,240,16,16,0,0,9
1005,144,240,16,16,0,0,9
1006,128,240,16,16,0,0,9
1007,160,240,16,16,0,0,9
1008,208,240,16,16,0,0,1
1009,224,240,16,16,0,0,1
1010,208,240,16,16,0,0,1
1011,224,240,16,16,0,0,9
1012,240,240,16,16,0,0,1
1013,240,240,16,16,0,0,1
1014,240,240,16,16,0,0,9
1015,240,240,16,16,0,0,9
1016,256,240,16,16,0,0,1
1017,272,240,16,16,0,0,1
1018,256,240,16,16,0,0,1
1019,288,240,16,16,0,0,1
1020,304,240,16,16,0,0,1
1021,320,240,16,16,0,0,1
1022,304,240,16,16,0,0,1
1023,320,240,16,16,0,0,9
1024,256,240,16,16,0,0,9
1025,272,240,16,16,0,0,9
1026,256,240,16,16,0,0,9
1027,288,240,16,16,0,0,9
1028,336,240,16,16,0,0,1
1029,352,240,16,16,0,0,1
1030,336,240,16,16,0,0,1
1031,352,240,16,16,0,0,9
1032,368,240,16,16,0,0,1
1033,368,240,16,16,0,0,1
1034,368,240,16,16,0,0,9
1035,368,240,16,16,0,0,9
1036,384,240,16,16,0,0,1
1037,400,240,16,16,0,0,1
1038,384,240,16,16,0,0,1
1039,416,240,16,16,0,0,1
1040,432,240,16,16,0,0,1
1041,448,240,16,16,0,0,1
1042,432,240,16,16,0,0,1
1043,448,240,16,16,0,0,9
1044,384,240,16,16,0,0,9
1045,400,240,16,16,0,0,9
1046,384,240,16,16,0,0,9
1047,416,240,16,16,0,0,9
1048,464,240,16,16,0,0,1
1049,480,240,16,16,0,0,1
1050,464,240,16,16,0,0,1
1051,480,240,16,16,0,0,9
1052,496,240,16,16,0,0,1
1053,496,240,16,16,0,0,1
1054,496,240,16,16,0,0,9
1055,496,240,16,16,0,0,9
1056,0,256,16,16,0,0,1
1057,16,256,16,16,0,0,1
1058,0,256,16,16,0,0,1
1059,32,256,16,16,0,0,1
1060,48,256,16,16,0,0,1
1061,64,256,16,16,0,0,1
1062,48,256,16,16,0,0,1
1063,64,256,16,16,0,0,9
1064,0,256,16,16,0,0,9
1065,16,256,16,16,0,0,9
1066,0,256,16,16,0,0,9
1067,32,256,16,16,0,0,9
1068,80,256,16,16,0,0,1
1069,96,256,16,16,0,0,1
1070,80,256,16,16,0,0,1
1071,96,256,16,16,0,0,9
1072,112,256,16,16,0,0,1
1073,112,256,16,16,0,0,1
1074,112,256,16,16,0,0,9
1075,112,256,16,16,0,0,9
1076,128,256,16,16,0,0,1
1077,144,256,16,16,0,0,1
1078,128,256,16,16,0,0,1
1079,160,256,16,16,0,0,1
1080,176,256,16,16,0,0,1
1081,192,256,16,16,0,0,1
1082,176,256,16,16,0,0,1
1083,192,256,16,16,0,0,9
1084,128,256,16,16,0,0,9
1085,144,256,16,16,0,0,9
1086,128,256,16,16,0,0,9
1087,160,256,16,16,0,0,9
1088,208,256,16,16,0,0,1
1089,224,256,16,16,0,0,1
1090,208,256,16,16,0,0,1
1091,224,256,16,16,0,0,9
1092,240,256,16,16,0,0,1
1093,240,256,16,16,0,0,1
1094,240,256,16,16,0,0,9
1095,240,256,16,16,0,0,9
1096,0,304,16,16,0,0,1
1097,0,304,16,16,0,0,9
1098,16,304,16,16,0,0,1
1099,16,304,16,16,0,0,9
1100,32,304,16,16,0,0,1
1101,48,304,16,16,0,0,1
1102,32,304,16,16,0,0,9
1103,48,304,16,16,0,0,9
1104,256,256,16,16,0,0,1
1105,272,256,16,16,0,0,1
1106,256,256,16,16,0,0,1
1107,288,256,16,16,0,0,1
1108,304,256,16,16,0,0,1
1109,320,256,16,16,0,0,1
1110,304,256,16,16,0,0,1
1111,320,256,16,16,0,0,9
1112,256,256,16,16,0,0,9
1113,272,256,16,16,0,0,9
1114,256,256,16,16,0,0,9
1115,288,256,16,16,0,0,9
1116,336,256,16,16,0,0,1
1117,352,256,16,16,0,0,1
1118,336,256,16,16,0,0,1
1119,352,256,16,16,0,0,9
1120,368,256,16,16,0,0,1
1121,368,256,16,16,0,0,1
1122,368,256,16,16,0,0,9
1123,368,256,16,16,0,0,9
1124,384,256,16,16,0,0,1
1125,400,256,16,16,0,0,1
1126,384,256,16,16,0,0,1
1127,416,256,16,16,0,0,1
1128,432,256,16,16,0,0,1
1129,448,256,16,16,0,0,1
1130,432,256,16,16,0,0,1
1131,448,256,16,16,0,0,9
1132,384,256,16,16,0,0,9
1133,400,256,16,16,0,0,9
1134,384,256,16,16,0,0,9
1135,416,256,16,16,0,0,9
1136,464,256,16,16,0,0,1
1137,480,256,16,16,0,0,1
1138,464,256,16,16,0,0,1
1139,480,256,16,16,0,0,9
1140,496,256,16,16,0,0,1
1141,496,256,16,16,0,0,1
1142,496,256,16,16,0,0,9
1143,496,256,16,16,0,0,9
1144,256,272,16,16,0,0,1
1145,272,272,16,16,0,0,1
1146,256,272,16,16,0,0,9
1147,272,272,16,16,0,0,9
1148,272,272,16,16,0,0,1
1149,272,272,16,16,0,0,9
1150,288,272,16,16,0,0,1
1151,288,272,16,16,0,0,9
1152,304,272,16,16,0,0,1
1153,304,272,16,16,0,0,9
1154,320,272,16,16,0,0,1
1155,336,272,16,16,0,0,1
1156,320,272,16,16,0,0,9
1157,336,272,16,16,0,0,9
1158,336,272,16,16,0,0,1
1159,336,272,16,16,0,0,9
1160,352,272,16,16,0,0,1
1161,352,272,16,16,0,0,9
1162,368,272,16,16,0,0,1
1163,368,272,16,16,0,0,9
1164,384,272,16,16,0,0,1
1165,400,272,16,16,0,0,1
1166,384,272,16,16,0,0,1
1167,400,272,16,16,0,0,9
1168,416,272,16,16,0,0,1
1169,416,272,16,16,0,0,9
1170,432,272,16,16,0,0,1
1171,432,272,16,16,0,0,9
1172,448,272,16,16,0,0,1
1173,480,272,16,16,0,0,9
1174,480,272,16,16,0,0,1
1175,496,272,16,16,0,0,9
1176,496,272,16,16,0,0,1
1177,464,272,16,16,0,0,9
1178,464,272,16,16,0,0,1
1179,464,272,16,16,0,0,25
1180,464,272,16,16,0,0,17
1181,336,384,16,8,0,0,1
1182,432,464,16,8,0,0,1
1183,336,392,16,8,0,0,1
1184,432,384,16,8,0,0,1
1185,464,392,8,8,0,0,1
1186,432,392,8,8,0,0,1
1187,440,392,8,8,0,0,1
1188,448,384,8,16,0,0,1
1189,456,384,8,16,0,0,1
1190,464,384,8,8,0,0,1
1191,464,384,8,8,0,0,9
1192,464,384,8,8,0,0,17
1193,464,384,8,8,0,0,25
1194,472,384,8,8,0,0,1
1195,48,288,16,16,0,0,1
1196,64,288,16,16,0,0,1
1197,80,288,16,16,0,0,1
1198,64,288,16,16,0,0,9
1199,96,288,16,16,0,0,1
1200,112,288,16,16,0,0,1
1201,128,288,16,16,0,0,1
1202,112,288,16,16,0,0,9
1203,0,288,16,16,0,0,1
1204,16,288,16,16,0,0,1
1205,32,288,16,16,0,0,1
1206,144,288,16,16,0,0,1
1207,160,288,16,16,0,0,1
1208,176,288,16,16,0,0,1
1209,160,288,16,16,0,0,9
1210,192,288,16,16,0,0,1
1211,208,288,16,16,0,0,1
1212,224,288,16,16,0,0,1
1213,240,288,16,16,0,0,1
1214,256,288,16,16,0,0,1
1215,272,288,16,16,0,0,1
1216,288,288,16,16,0,0,1
1217,304,288,16,16,0,0,1
1218,320,288,16,16,0,0,1
1219,336,288,16,16,0,0,1
1220,352,288,16,16,0,0,1
1221,368,288,16,16,0,0,1
1222,384,288,16,16,0,0,1
1223,400,288,16,16,0,0,1
1224,416,288,16,16,0,0,1
1225,432,288,16,16,0,0,1
1226,416,288,16,16,0,0,1
1227,448,288,16,16,0,0,1
1228,464,288,16,16,0,0,1
1229,480,288,16,16,0,0,1
1230,496,288,16,16,0,0,1
1231,64,304,16,16,0,0,1
1232,80,304,16,16,0,0,1
1233,96,304,16,16,0,0,1
1234,112,304,16,16,0,0,1
1235,128,304,16,16,0,0,1
1236,144,304,16,16,0,0,1
1237,160,304,16,16,0,0,1
1238,128,304,48,16,0,0,1
1239,176,304,16,16,0,0,1
1240,192,304,16,16,0,0,1
1241,208,304,16,16,0,0,1
1242,176,304,48,16,0,0,1
1243,224,304,16,16,0,0,1
1244,240,304,16,16,0,0,1
1245,256,304,16,16,0,0,1
1246,224,304,48,16,0,0,1
1247,272,304,16,16,0,0,1
1248,288,304,16,16,0,0,1
1249,304,304,16,16,0,0,1
1250,272,304,48,16,0,0,1
1251,0,416,24,32,0,0,1
1252,24,416,24,32,0,0,1
1253,48,416,24,32,0,0,1
1254,72,416,24,32,0,0,1
1255,96,416,24,32,0,0,1
1256,120,416,24,32,0,0,1
1257,144,416,24,32,0,0,1
1258,120,416,24,32,0,0,9
1259,96,416,24,32,0,0,9
1260,72,416,24,32,0,0,9
1261,48,416,24,32,0,0,9
1262,24,416,24,32,0,0,9
1263,0,448,24,32,0,0,1
1264,24,448,24,32,0,0,1
1265,48,448,24,32,0,0,1
1266,72,448,24,32,0,0,1
1267,96,448,24,32,0,0,1
1268,120,448,24,32,0,0,1
1269,144,448,24,32,0,0,1
1270,120,448,24,32,0,0,9
1271,96,448,24,32,0,0,9
1272,72,448,24,32,0,0,9
1273,48,448,24,32,0,0,9
1274,24,448,24,32,0,0,9
1275,0,480,24,32,0,0,1
1276,24,480,24,32,0,0,1
1277,48,480,24,32,0,0,1
1278,72,480,24,32,0,0,1
1279,96,480,24,32,0,0,1
1280,120,480,24,32,0,0,1
1281,144,480,24,32,0,0,1
1282,120,480,24,32,0,0,9
1283,96,480,24,32,0,0,9
1284,72,480,24,32,0,0,9
1285,48,480,24,32,0,0,9
1286,24,480,24,32,0,0,9
1287,168,416,24,32,0,0,1
1288,192,416,24,32,0,0,1
1289,216,416,24,32,0,0,1
1290,168,448,24,32,0,0,1
1291,192,448,24,32,0,0,1
1292,216,448,24,32,0,0,1
1293,352,400,32,16,0,0,1
1294,384,400,32,16,0,0,1
1295,264,448,24,8,0,0,1
1296,264,456,24,8,0,0,1
1297,264,464,24,8,0,0,1
1298,264,456,24,8,0,0,9
1299,176,480,16,8,0,0,1
1300,176,488,16,8,0,0,1
1301,400,472,16,8,0,0,1
1302,400,480,16,8,0,0,1
1303,400,488,16,8,0,0,1
1304,320,384,8,16,0,0,1
1305,424,488,8,16,0,0,1
1306,352,416,16,8,0,0,1
1307,352,424,16,8,0,0,1
1308,352,432,16,8,0,0,1
1309,352,416,16,24,0,0,1
1310,416,472,8,16,0,0,1
1311,424,472,8,16,0,0,1
1312,432,472,8,16,0,0,1
1313,440,472,8,16,0,0,1
1314,400,440,8,16,0,0,1
1315,408,440,8,16,0,0,1
1316,416,440,8,16,0,0,1
1317,424,440,8,16,0,0,1
1318,400,456,8,16,0,0,1
1319,408,456,8,16,0,0,1
1320,416,456,8,16,0,0,1
1321,424,456,8,16,0,0,1
1322,472,400,8,8,0,0,1
1323,472,408,8,8,0,0,1
1324,480,480,8,8,0,0,1
1325,488,480,8,8,0,0,1
1326,480,480,8,8,0,0,9
1327,488,480,8,8,0,0,1
1328,496,480,8,8,0,0,1
1329,504,480,8,8,0,0,1
1330,496,480,8,8,0,0,9
1331,504,480,8,8,0,0,1
1332,288,504,8,8,0,0,1
1333,296,504,8,8,0,0,1
1334,304,504,8,8,0,0,1
1335,296,504,8,8,0,0,1
1336,264,472,8,8,0,0,1
1337,272,472,8,8,0,0,1
1338,280,472,8,8,0,0,1
1339,464,408,8,8,0,0,1
1340,464,400,8,8,0,0,1
1341,440,488,8,16,0,0,1
1342,432,488,8,16,0,0,1
1343,368,416,16,24,0,0,1
1344,448,112,16,16,0,0,1
1345,465,112,16,16,0,0,1
1346,480,112,16,16,0,0,1
1347,496,112,16,16,0,0,1
1348,432,440,16,8,0,0,1
1349,432,448,16,8,0,0,1
1350,432,456,16,8,0,0,1
1351,384,432,8,8,0,0,1
1352,392,432,8,8,0,0,1
1353,496,368,8,8,0,0,1
1354,496,376,8,8,0,0,1
1355,504,368,8,16,0,0,1
1356,192,128,16,16,0,0,1
1357,208,128,16,16,0,0,1
1358,224,128,16,16,0,0,1
1359,240,128,16,16,0,0,1
1360,256,128,16,16,0,0,1
1361,272,128,16,16,0,0,1
1362,288,128,16,16,0,0,1
1363,304,128,16,16,0,0,1
1364,0,128,16,16,0,0,1
1365,16,128,16,16,0,0,1
1366,32,128,16,16,0,0,1
1367,48,128,16,16,0,0,1
1368,64,128,16,16,0,0,1
1369,80,128,16,16,0,0,1
1370,96,128,16,16,0,0,1
1371,112,128,16,16,0,0,1
1372,128,128,16,16,0,0,1
1373,144,128,16,16,0,0,1
1374,160,128,16,16,0,0,1
1375,176,128,16,16,0,0,1
1376,96,384,32,32,0,0,1
1377,128,384,32,32,0,0,1
1378,160,384,32,32,0,0,1
1379,192,384,32,32,0,0,1
1380,224,384,32,32,0,0,1
1381,256,384,32,32,0,0,1
1382,288,384,32,32,0,0,1
1383,320,400,32,16,0,0,1
1384,0,320,32,32,0,0,1
1385,32,320,32,32,0,0,1
1386,64,320,32,32,0,0,1
1387,96,320,32,32,0,0,1
1388,96,320,32,32,0,0,9
1389,128,320,32,32,0,0,1
1390,160,320,32,32,0,0,1
1391,192,320,32,32,0,0,1
1392,224,320,32,32,0,0,1
1393,128,320,32,32,0,0,9
1394,160,320,32,32,0,0,9
1395,192,320,32,32,0,0,9
1396,224,320,32,32,0,0,9
1397,256,320,32,32,0,0,1
1398,288,320,32,32,0,0,1
1399,256,320,32,32,0,0,1
1400,320,320,32,32,0,0,1
1401,256,320,32,32,0,0,9
1402,288,320,32,32,0,0,9
1403,256,320,32,32,0,0,9
1404,320,320,32,32,0,0,9
1405,256,320,32,32,0,0,1
1406,352,320,32,32,0,0,1
1407,256,320,32,32,0,0,9
1408,352,320,32,32,0,0,9
1409,384,320,32,32,0,0,1
1410,416,320,32,32,0,0,1
1411,448,320,32,32,0,0,1
1412,384,320,32,32,0,0,9
1413,416,320,32,32,0,0,9
1414,448,320,32,32,0,0,9
1415,480,336,32,16,0,0,1
1416,480,336,32,16,0,0,9
1417,0,384,32,32,0,0,1
1418,32,384,32,32,0,0,1
1419,64,384,32,32,0,0,1
1420,336,480,16,32,0,0,17
1421,65,384,32,32,0,0,1
1422,336,480,16,32,0,0,1
1423,240,416,24,32,0,0,1
1424,264,416,24,32,0,0,1
1425,336,448,16,32,0,0,1
1426,240,448,24,32,0,0,1
1427,336,416,16,32,0,0,1
1428,416,496,8,8,0,0,1
1429,416,488,8,8,0,0,1
1430,496,320,16,8,0,0,1
1431,480,320,16,8,0,0,1
1432,0,352,32,32,0,0,1
1433,32,352,32,32,0,0,1
1434,64,352,32,32,0,0,1
1435,96,352,32,32,0,0,1
1436,128,352,32,32,0,0,1
1437,160,352,32,32,0,0,1
1438,192,352,32,32,0,0,1
1439,224,352,32,32,0,0,1
1440,256,352,32,32,0,0,1
1441,288,352,32,32,0,0,1
1442,320,352,32,32,0,0,1
1443,352,352,32,32,0,0,1
1444,384,352,32,32,0,0,1
1445,416,352,32,32,0,0,1
1446,448,352,32,32,0,0,1
1447,480,400,32,48,0,0,1
1448,480,448,32,32,0,0,1
1449,448,416,32,32,0,0,1
1450,416,416,32,24,0,0,1
1451,480,384,32,16,0,0,1
1452,384,416,32,16,0,0,1
1453,464,448,16,32,0,0,1
1454,448,448,16,32,0,0,1
1455,448,480,16,32,0,0,1
1456,464,480,16,32,0,0,1
1457,288,416,24,48,0,0,1
1458,288,464,24,40,0,0,1
1459,464,448,16,64,0,0,1
1460,320,304,16,16,0,0,1
1461,336,304,16,16,0,0,1
1462,352,304,16,16,0,0,1
1463,312,416,24,48,0,0,1
1464,312,416,24,48,0,0,9
1465,352,440,48,72,0,0,1
1466,368,304,80,16,0,0,1
1467,448,304,64,16,0,0,1
1468,480,496,24,16,0,0,1
1469,496,488,16,16,0,0,1
1470,480,496,32,8,0,0,1
1471,480,488,24,16,0,0,1
1472,488,488,16,24,0,0,1
1473,488,496,24,16,0,0,1
1474,192,480,96,32,0,0,1
1475,400,504,32,8,0,0,1
1476,400,504,24,8,0,0,1
1477,400,504,24,8,0,0,9
1478,432,504,8,8,0,0,1
1479,440,504,8,8,0,0,1
1480,400,432,8,8,0,0,1
1481,408,432,8,8,0,0,1
1482,312,464,24,48,0,0,1
1483,0,0,16,16,0,0,1
1484,0,0,16,16,0,0,1
1485,0,0,16,16,0,0,1
1486,0,0,16,16,0,0,1
1487,0,0,16,16,0,0,1
1488,0,0,16,16,0,0,1
1489,0,0,16,16,0,0,1
1490,0,0,16,16,0,0,1
1491,0,0,16,16,0,0,1
1492,0,0,16,16,0,0,1
1493,0,0,16,16,0,0,1
1494,0,0,16,16,0,0,1
1495,0,0,16,16,0,0,1
1496,0,0,16,16,0,0,1
1497,0,0,16,16,0,0,1
1498,0,0,16,16,0,0,1
1499,0,0,16,16,0,0,1
1500,0,0,16,16,0,0,1
1501,0,0,16,16,0,0,1
1502,0,0,16,16,0,0,1
1503,0,0,16,16,0,0,1
1504,0,0,16,16,0,0,1
1505,0,0,16,16,0,0,1
1506,0,0,16,16,0,0,1
1507,0,0,16,16,0,0,1
1508,0,0,16,16,0,0,1
1509,0,0,16,16,0,0,1
1510,0,0,16,16,0,0,1
1511,0,0,16,16,0,0,1
1512,0,0,16,16,0,0,1
1513,0,0,16,16,0,0,1
1514,0,0,16,16,0,0,1
1515,0,0,16,16,0,0,1
1516,0,0,16,16,0,0,1
1517,0,0,16,16,0,0,1
1518,0,0,16,16,0,0,1
1519,0,0,16,16,0,0,1
1520,0,0,16,16,0,0,1
1521,0,0,16,16,0,0,1
1522,0,0,16,16,0,0,1
1523,0,0,16,16,0,0,1
1524,0,0,16,16,0,0,1
1525,0,0,16,16,0,0,1
1526,0,0,16,16,0,0,1
1527,0,0,16,16,0,0,1
1528,0,0,16,16,0,0,1
1529,0,0,16,16,0,0,1
1530,0,0,16,16,0,0,1
1531,0,0,16,16,0,0,1
1532,0,0,16,16,0,0,1
1533,0,0,16,16,0,0,1
1534,0,0,16,16,0,0,1
1535,0,0,16,16,0,0,1
1536,0,0,16,16,0,0,1
1537,0,0,16,16,0,0,1
1538,0,0,16,16,0,0,1
1539,0,0,16,16,0,0,1
1540,0,0,16,16,0,0,1
1541,0,0,16,16,0,0,1
1542,0,0,16,16,0,0,1
1543,0,0,16,16,0,0,1
1544,0,0,16,16,0,0,1
1545,0,0,16,16,0,0,1
1546,0,0,16,16,0,0,1
1547,0,0,16,16,0,0,1
1548,0,0,16,16,0,0,1
1549,0,0,16,16,0,0,1
1550,0,0,16,16,0,0,1
1551,0,0,16,16,0,0,1
1552,0,0,16,16,0,0,1
1553,0,0,16,16,0,0,1
1554,0,0,16,16,0,0,1
1555,0,0,16,16,0,0,1
1556,0,0,16,16,0,0,1
1557,0,0,16,16,0,0,1
1558,0,0,16,16,0,0,1
1559,0,0,16,16,0,0,1
1560,0,0,16,16,0,0,1
1561,0,0,16,16,0,0,1
1562,0,0,16,16,0,0,1
1563,0,0,16,16,0,0,1
1564,0,0,16,16,0,0,1
1565,0,0,16,16,0,0,1
1566,0,0,16,16,0,0,1
1567,0,0,16,16,0,0,1
1568,0,0,16,16,0,0,1
1569,0,0,16,16,0,0,1
1570,0,0,16,16,0,0,1
1571,0,0,16,16,0,0,1
1572,0,0,16,16,0,0,1
1573,0,0,16,16,0,0,1
1574,0,0,16,16,0,0,1
1575,0,0,16,16,0,0,1
1576,0,0,16,16,0,0,1
1577,0,0,16,16,0,0,1
1578,0,0,16,16,0,0,1
1579,0,0,16,16,0,0,1
1580,0,0,16,16,0,0,1
1581,0,0,16,16,0,0,1
1582,0,0,16,16,0,0,1
1583,0,0,16,16,0,0,1
1584,0,0,16,16,0,0,1
1585,0,0,16,16,0,0,1
1586,0,0,16,16,0,0,1
1587,0,0,16,16,0,0,1
1588,0,0,16,16,0,0,1
1589,0,0,16,16,0,0,1
1590,0,0,16,16,0,0,1
1591,0,0,16,16,0,0,1
1592,0,0,16,16,0,0,1
1593,0,0,16,16,0,0,1
1594,0,0,16,16,0,0,1
1595,0,0,16,16,0,0,1
1596,0,0,16,16,0,0,1
1597,0,0,16,16,0,0,1
1598,0,0,16,16,0,0,1
1599,0,0,16,16,0,0,1
1600,0,0,16,16,0,0,1
1601,0,0,16,16,0,0,1
1602,0,0,16,16,0,0,1
1603,0,0,16,16,0,0,1
1604,0,0,16,16,0,0,1
1605,0,0,16,16,0,0,1
1606,0,0,16,16,0,0,1
1607,0,0,16,16,0,0,1
1608,0,0,16,16,0,0,1
1609,0,0,16,16,0,0,1
1610,0,0,16,16,0,0,1
1611,0,0,16,16,0,0,1
1612,0,0,16,16,0,0,1
1613,0,0,16,16,0,0,1
1614,0,0,16,16,0,0,1
1615,0,0,16,16,0,0,1
1616,0,0,16,16,0,0,1
1617,0,0,16,16,0,0,1
1618,0,0,16,16,0,0,1
1619,0,0,16,16,0,0,1
1620,0,0,16,16,0,0,1
1621,0,0,16,16,0,0,1
1622,0,0,16,16,0,0,1
1623,0,0,16,16,0,0,1
1624,0,0,16,16,0,0,1
1625,0,0,16,16,0,0,1
1626,0,0,16,16,0,0,1
1627,0,0,16,16,0,0,1
1628,0,0,16,16,0,0,1
1629,0,0,16,16,0,0,1
1630,0,0,16,16,0,0,1
1631,0,0,16,16,0,0,1
1632,0,0,16,16,0,0,1
1633,0,0,16,16,0,0,1
1634,0,0,16,16,0,0,1
1635,0,0,16,16,0,0,1
1636,0,0,16,16,0,0,1
1637,0,0,16,16,0,0,1
1638,0,0,16,16,0,0,1
1639,0,0,16,16,0,0,1
1640,0,0,16,16,0,0,1
1641,0,0,16,16,0,0,1
1642,0,0,16,16,0,0,1
1643,0,0,16,16,0,0,1
1644,0,0,16,16,0,0,1
1645,0,0,16,16,0,0,1
1646,0,0,16,16,0,0,1
1647,0,0,16,16,0,0,1
1648,0,0,16,16,0,0,1
1649,0,0,16,16,0,0,1
1650,0,0,16,16,0,0,1
1651,0,0,16,16,0,0,1
1652,0,0,16,16,0,0,1
1653,0,0,16,16,0,0,1
1654,0,0,16,16,0,0,1
1655,0,0,16,16,0,0,1
1656,0,0,16,16,0,0,1
1657,0,0,16,16,0,0,1
1658,0,0,16,16,0,0,1
1659,0,0,16,16,0,0,1
1660,0,0,16,16,0,0,1
1661,0,0,16,16,0,0,1
1662,0,0,16,16,0,0,1
1663,0,0,16,16,0,0,1
1664,0,0,16,16,0,0,1
1665,0,0,16,16,0,0,1
1666,0,0,16,16,0,0,1
1667,0,0,16,16,0,0,1
1668,0,0,16,16,0,0,1
1669,0,0,16,16,0,0,1
1670,0,0,16,16,0,0,1
1671,0,0,16,16,0,0,1
1672,0,0,16,16,0,0,1
1673,0,0,16,16,0,0,1
1674,0,0,16,16,0,0,1
1675,0,0,16,16,0,0,1
1676,0,0,16,16,0,0,1
1677,0,0,16,16,0,0,1
1678,0,0,16,16,0,0,1
1679,0,0,16,16,0,0,1
1680,0,0,16,16,0,0,1
1681,0,0,16,16,0,0,1
1682,0,0,16,16,0,0,1
1683,0,0,16,16,0,0,1
1684,0,0,16,16,0,0,1
1685,0,0,16,16,0,0,1
1686,0,0,16,16,0,0,1
1687,0,0,16,16,0,0,1
1688,0,0,16,16,0,0,1
1689,0,0,16,16,0,0,1
1690,0,0,16,16,0,0,1
1691,0,0,16,16,0,0,1
1692,0,0,16,16,0,0,1
1693,0,0,16,16,0,0,1
1694,0,0,16,16,0,0,1
1695,0,0,16,16,0,0,1
1696,0,0,16,16,0,0,1
1697,0,0,16,16,0,0,1
1698,0,0,16,16,0,0,1
1699,0,0,16,16,0,0,1
1700,0,0,16,16,0,0,1
1701,0,0,16,16,0,0,1
1702,0,0,16,16,0,0,1
1703,0,0,16,16,0,0,1
1704,0,0,16,16,0,0,1
1705,0,0,16,16,0,0,1
1706,0,0,16,16,0,0,1
1707,0,0,16,16,0,0,1
1708,0,0,16,16,0,0,1
1709,0,0,16,16,0,0,1
1710,0,0,16,16,0,0,1
1711,0,0,16,16,0,0,1
1712,0,0,16,16,0,0,1
1713,0,0,16,16,0,0,1
1714,0,0,16,16,0,0,1
1715,0,0,16,16,0,0,1
1716,0,0,16,16,0,0,1
1717,0,0,16,16,0,0,1
1718,0,0,16,16,0,0,1
1719,0,0,16,16,0,0,1
1720,0,0,16,16,0,0,1
1721,0,0,16,16,0,0,1
1722,0,0,16,16,0,0,1
1723,0,0,16,16,0,0,1
1724,0,0,16,16,0,0,1
1725,0,0,16,16,0,0,1
1726,0,0,16,16,0,0,1
1727,0,0,16,16,0,0,1
1728,0,0,16,16,0,0,1
1729,0,0,16,16,0,0,1
1730,0,0,16,16,0,0,1
1731,0,0,16,16,0,0,1
1732,0,0,16,16,0,0,1
1733,0,0,16,16,0,0,1
1734,0,0,16,16,0,0,1
1735,0,0,16,16,0,0,1
1736,0,0,16,16,0,0,1
1737,0,0,16,16,0,0,1
1738,0,0,16,16,0,0,1
1739,0,0,16,16,0,0,1
1740,0,0,16,16,0,0,1
1741,0,0,16,16,0,0,1
1742,0,0,16,16,0,0,1
1743,0,0,16,16,0,0,1
1744,0,0,16,16,0,0,1
1745,0,0,16,16,0,0,1
1746,0,0,16,16,0,0,1
1747,0,0,16,16,0,0,1
1748,0,0,16,16,0,0,1
1749,0,0,16,16,0,0,1
1750,0,0,16,16,0,0,1
1751,0,0,16,16,0,0,1
1752,0,0,16,16,0,0,1
1753,0,0,16,16,0,0,1
1754,0,0,16,16,0,0,1
1755,0,0,16,16,0,0,1
1756,0,0,16,16,0,0,1
1757,0,0,16,16,0,0,1
1758,0,0,16,16,0,0,1
1759,0,0,16,16,0,0,1
1760,0,0,16,16,0,0,1
1761,0,0,16,16,0,0,1
1762,0,0,16,16,0,0,1
1763,0,0,16,16,0,0,1
1764,0,0,16,16,0,0,1
1765,0,0,16,16,0,0,1
1766,0,0,16,16,0,0,1
1767,0,0,16,16,0,0,1
1768,0,0,16,16,0,0,1
1769,0,0,16,16,0,0,1
1770,0,0,16,16,0,0,1
1771,0,0,16,16,0,0,1
1772,0,0,16,16,0,0,1
1773,0,0,16,16,0,0,1
1774,0,0,16,16,0,0,1
1775,0,0,16,16,0,0,1
1776,0,0,16,16,0,0,1
1777,0,0,16,16,0,0,1
1778,0,0,16,16,0,0,1
1779,0,0,16,16,0,0,1
1780,0,0,16,16,0,0,1
1781,0,0,16,16,0,0,1
1782,0,0,16,16,0,0,1
1783,0,0,16,16,0,0,1
1784,0,0,16,16,0,0,1
1785,0,0,16,16,0,0,1
1786,0,0,16,16,0,0,1
1787,0,0,16,16,0,0,1
1788,0,0,16,16,0,0,1
1789,0,0,16,16,0,0,1
1790,0,0,16,16,0,0,1
1791,0,0,16,16,0,0,1
1792,0,0,16,16,0,0,1
1793,0,0,16,16,0,0,1
1794,0,0,16,16,0,0,1
1795,0,0,16,16,0,0,1
1796,0,0,16,16,0,0,1
1797,0,0,16,16,0,0,1
1798,0,0,16,16,0,0,1
1799,0,0,16,16,0,0,1
1800,0,0,16,16,0,0,1
1801,0,0,16,16,0,0,1
1802,0,0,16,16,0,0,1
1803,0,0,16,16,0,0,1
1804,0,0,16,16,0,0,1
1805,0,0,16,16,0,0,1
1806,0,0,16,16,0,0,1
1807,0,0,16,16,0,0,1
1808,0,0,16,16,0,0,1
1809,0,0,16,16,0,0,1
1810,0,0,16,16,0,0,1
1811,0,0,16,16,0,0,1
1812,0,0,16,16,0,0,1
1813,0,0,16,16,0,0,1
1814,0,0,16,16,0,0,1
1815,0,0,16,16,0,0,1
1816,0,0,16,16,0,0,1
1817,0,0,16,16,0,0,1
1818,0,0,16,16,0,0,1
1819,0,0,16,16,0,0,1
1820,0,0,16,16,0,0,1
1821,0,0,16,16,0,0,1
1822,0,0,16,16,0,0,1
1823,0,0,16,16,0,0,1
1824,0,0,16,16,0,0,1
1825,0,0,16,16,0,0,1
1826,0,0,16,16,0,0,1
1827,0,0,16,16,0,0,1
1828,0,0,16,16,0,0,1
1829,0,0,16,16,0,0,1
1830,0,0,16,16,0,0,1
1831,0,0,16,16,0,0,1
1832,0,0,16,16,0,0,1
1833,0,0,16,16,0,0,1
1834,0,0,16,16,0,0,1
1835,0,0,16,16,0,0,1
1836,0,0,16,16,0,0,1
1837,0,0,16,16,0,0,1
1838,0,0,16,16,0,0,1
1839,0,0,16,16,0,0,1
1840,0,0,16,16,0,0,1
1841,0,0,16,16,0,0,1
1842,0,0,16,16,0,0,1
1843,0,0,16,16,0,0,1
1844,0,0,16,16,0,0,1
1845,0,0,16,16,0,0,1
1846,0,0,16,16,0,0,1
1847,0,0,16,16,0,0,1
1848,0,0,16,16,0,0,1
1849,0,0,16,16,0,0,1
1850,0,0,16,16,0,0,1
1851,0,0,16,16,0,0,1
1852,0,0,16,16,0,0,1
1853,0,0,16,16,0,0,1
1854,0,0,16,16,0,0,1
1855,0,0,16,16,0,0,1
1856,0,0,16,16,0,0,1
1857,0,0,16,16,0,0,1
1858,0,0,16,16,0,0,1
1859,0,0,16,16,0,0,1
1860,0,0,16,16,0,0,1
1861,0,0,16,16,0,0,1
1862,0,0,16,16,0,0,1
1863,0,0,16,16,0,0,1
1864,0,0,16,16,0,0,1
1865,0,0,16,16,0,0,1
1866,0,0,16,16,0,0,1
1867,0,0,16,16,0,0,1
1868,0,0,16,16,0,0,1
1869,0,0,16,16,0,0,1
1870,0,0,16,16,0,0,1
1871,0,0,16,16,0,0,1
1872,0,0,16,16,0,0,1
1873,0,0,16,16,0,0,1
1874,0,0,16,16,0,0,1
1875,0,0,16,16,0,0,1
1876,0,0,16,16,0,0,1
1877,0,0,16,16,0,0,1
1878,0,0,16,16,0,0,1
1879,0,0,16,16,0,0,1
1880,0,0,16,16,0,0,1
1881,0,0,16,16,0,0,1
1882,0,0,16,16,0,0,1
1883,0,0,16,16,0,0,1
1884,0,0,16,16,0,0,1
1885,0,0,16,16,0,0,1
1886,0,0,16,16,0,0,1
1887,0,0,16,16,0,0,1
1888,0,0,16,16,0,0,1
1889,0,0,16,16,0,0,1
1890,0,0,16,16,0,0,1
1891,0,0,16,16,0,0,1
1892,0,0,16,16,0,0,1
1893,0,0,16,16,0,0,1
1894,0,0,16,16,0,0,1
1895,0,0,16,16,0,0,1
1896,0,0,16,16,0,0,1
1897,0,0,16,16,0,0,1
1898,0,0,16,16,0,0,1
1899,0,0,16,16,0,0,1
1900,0,0,16,16,0,0,1
1901,0,0,16,16,0,0,1
1902,0,0,16,16,0,0,1
1903,0,0,16,16,0,0,1
1904,0,0,16,16,0,0,1
1905,0,0,16,16,0,0,1
1906,0,0,16,16,0,0,1
1907,0,0,16,16,0,0,1
1908,0,0,16,16,0,0,1
1909,0,0,16,16,0,0,1
1910,0,0,16,16,0,0,1
1911,0,0,16,16,0,0,1
1912,0,0,16,16,0,0,1
1913,0,0,16,16,0,0,1
1914,0,0,16,16,0,0,1
1915,0,0,16,16,0,0,1
1916,0,0,16,16,0,0,1
1917,0,0,16,16,0,0,1
1918,0,0,16,16,0,0,1
1919,0,0,16,16,0,0,1
1920,0,0,16,16,0,0,1
1921,0,0,16,16,0,0,1
1922,0,0,16,16,0,0,1
1923,0,0,16,16,0,0,1
1924,0,0,16,16,0,0,1
1925,0,0,16,16,0,0,1
1926,0,0,16,16,0,0,1
1927,0,0,16,16,0,0,1
1928,0,0,16,16,0,0,1
1929,0,0,16,16,0,0,1
1930,0,0,16,16,0,0,1
1931,0,0,16,16,0,0,1
1932,0,0,16,16,0,0,1
1933,0,0,16,16,0,0,1
1934,0,0,16,16,0,0,1
1935,0,0,16,16,0,0,1
1936,0,0,16,16,0,0,1
1937,0,0,16,16,0,0,1
1938,0,0,16,16,0,0,1
1939,0,0,16,16,0,0,1
1940,0,0,16,16,0,0,1
1941,0,0,16,16,0,0,1
1942,0,0,16,16,0,0,1
1943,0,0,16,16,0,0,1
1944,0,0,16,16,0,0,1
1945,0,0,16,16,0,0,1
1946,0,0,16,16,0,0,1
1947,0,0,16,16,0,0,1
1948,0,0,16,16,0,0,1
1949,0,0,16,16,0,0,1
1950,0,0,16,16,0,0,1
1951,0,0,16,16,0,0,1
1952,0,0,16,16,0,0,1
1953,0,0,16,16,0,0,1
1954,0,0,16,16,0,0,1
1955,0,0,16,16,0,0,1
1956,0,0,16,16,0,0,1
1957,0,0,16,16,0,0,1
1958,0,0,16,16,0,0,1
1959,0,0,16,16,0,0,1
1960,0,0,16,16,0,0,1
1961,0,0,16,16,0,0,1
1962,0,0,16,16,0,0,1
1963,0,0,16,16,0,0,1
1964,0,0,16,16,0,0,1
1965,0,0,16,16,0,0,1
1966,0,0,16,16,0,0,1
1967,0,0,16,16,0,0,1
1968,0,0,16,16,0,0,1
1969,0,0,16,16,0,0,1
1970,0,0,16,16,0,0,1
1971,0,0,16,16,0,0,1
1972,0,0,16,16,0,0,1
1973,0,0,16,16,0,0,1
1974,0,0,16,16,0,0,1
1975,0,0,16,16,0,0,1
1976,0,0,16,16,0,0,1
1977,0,0,16,16,0,0,1
1978,0,0,16,16,0,0,1
1979,0,0,16,16,0,0,1
1980,0,0,16,16,0,0,1
1981,0,0,16,16,0,0,1
1982,0,0,16,16,0,0,1
1983,0,0,16,16,0,0,1
1984,0,0,16,16,0,0,1
1985,0,0,16,16,0,0,1
1986,0,0,16,16,0,0,1
1987,0,0,16,16,0,0,1
1988,0,0,16,16,0,0,1
1989,0,0,16,16,0,0,1
1990,0,0,16,16,0,0,1
1991,0,0,16,16,0,0,1
1992,0,0,16,16,0,0,1
1993,0,0,16,16,0,0,1
1994,0,0,16,16,0,0,1
1995,0,0,16,16,0,0,1
1996,0,0,16,16,0,0,1
1997,0,0,16,16,0,0,1
1998,0,0,16,16,0,0,1
1999,0,0,16,16,0,0,1
2000,0,0,16,16,0,0,1
2001,0,0,16,16,0,0,1
2002,0,0,16,16,0,0,1
2003,0,0,16,16,0,0,1
2004,0,0,16,16,0,0,1
2005,0,0,16,16,0,0,1
2006,0,0,16,16,0,0,1
2007,0,0,16,16,0,0,1
2008,0,0,16,16,0,0,1
2009,0,0,16,16,0,0,1
2010,0,0,16,16,0,0,1
2011,0,0,16,16,0,0,1
2012,0,0,16,16,0,0,1
2013,0,0,16,16,0,0,1
2014,0,0,16,16,0,0,1
2015,0,0,16,16,0,0,1
2016,0,0,16,16,0,0,1
2017,0,0,16,16,0,0,1
2018,0,0,16,16,0,0,1
2019,0,0,16,16,0,0,1
2020,0,0,16,16,0,0,1
2021,0,0,16,16,0,0,1
2022,0,0,16,16,0,0,1
2023,0,0,16,16,0,0,1
2024,0,0,16,16,0,0,1
2025,0,0,16,16,0,0,1
2026,0,0,16,16,0,0,1
2027,0,0,16,16,0,0,1
2028,0,0,16,16,0,0,1
2029,0,0,16,16,0,0,1
2030,0,0,16,16,0,0,1
2031,0,0,16,16,0,0,1
2032,0,0,16,16,0,0,1
2033,0,0,16,16,0,0,1
2034,0,0,16,16,0,0,1
2035,0,0,16,16,0,0,1
2036,0,0,16,16,0,0,1
2037,0,0,16,16,0,0,1
2038,0,0,16,16,0,0,1
2039,0,0,16,16,0,0,1
2040,0,0,16,16,0,0,1
2041,0,0,16,16,0,0,1
2042,0,0,16,16,0,0,1
2043,0,0,16,16,0,0,1
2044,0,0,16,16,0,0,1
2045,0,0,16,16,0,0,1
2046,0,0,16,16,0,0,1
2047,0,0,16,16,0,0,1
2048,0,0,16,16,8,15,1
2049,16,0,16,16,8,15,1
2050,32,0,16,16,8,15,1
2051,48,0,16,16,8,15,1
2052,64,0,16,16,8,15,1
2053,80,0,16,16,8,15,1
2054,96,0,16,16,8,15,1
2055,112,0,16,16,8,15,1
2056,128,0,16,16,8,15,1
2057,144,0,16,16,8,15,1
2058,160,0,16,16,8,15,1
2059,176,0,16,16,8,15,1
2060,192,0,16,16,8,15,1
2061,208,0,16,16,8,15,1
2062,224,0,16,16,8,15,1
2063,240,0,16,16,8,15,1
2064,256,0,16,16,8,15,1
2065,272,0,16,16,8,15,1
2066,288,0,16,16,8,15,1
2067,304,0,16,16,8,15,1
2068,320,0,16,16,8,15,1
2069,336,0,16,16,8,15,1
2070,352,0,16,16,8,15,1
2071,368,0,16,16,8,15,1
2072,384,0,16,16,8,15,1
2073,400,0,16,16,8,15,1
2074,416,0,16,16,8,15,1
2075,432,0,16,16,8,15,1
2076,448,0,16,16,8,15,1
2077,464,0,16,16,8,15,1
2078,480,0,16,16,8,15,1
2079,496,0,16,16,8,15,1
2080,0,16,16,16,8,15,1
2081,16,16,16,16,8,15,1
2082,32,16,16,16,8,15,1
2083,48,16,16,16,8,15,1
2084,64,16,16,16,8,15,1
2085,80,16,16,16,8,15,1
2086,96,16,16,16,8,15,1
2087,112,16,16,16,8,15,1
2088,128,16,16,16,8,15,1
2089,144,16,16,16,8,15,1
2090,160,16,16,16,8,15,1
2091,176,16,16,16,8,15,1
2092,192,16,16,16,8,15,1
2093,208,16,16,16,8,15,1
2094,224,16,16,16,8,15,1
2095,240,16,16,16,8,15,1
2096,256,16,16,16,8,15,1
2097,272,16,16,16,8,15,1
2098,288,16,16,16,8,15,1
2099,304,16,16,16,8,15,1
2100,320,16,16,16,8,15,1
2101,336,16,16,16,8,15,1
2102,352,16,16,16,8,15,1
2103,368,16,16,16,8,15,1
2104,384,16,16,16,8,15,1
2105,400,16,16,16,8,15,1
2106,416,16,16,16,8,15,1
2107,432,16,16,16,8,15,1
2108,448,16,16,16,8,15,1
2109,464,16,16,16,8,15,1
2110,480,16,16,16,8,15,1
2111,496,16,16,16,8,15,1
2112,0,32,16,16,8,15,1
2113,16,32,16,16,8,15,1
2114,32,32,16,16,8,15,1
2115,48,32,16,16,8,15,1
2116,64,32,16,16,8,15,1
2117,80,32,16,16,8,15,1
2118,96,32,16,16,8,15,1
2119,112,32,16,16,8,15,1
2120,128,32,16,16,8,15,1
2121,144,32,16,16,8,15,1
2122,160,32,16,16,8,15,1
2123,176,32,16,16,8,15,1
2124,192,32,16,16,8,15,1
2125,208,32,16,16,8,15,1
2126,224,32,16,16,8,15,1
2127,240,32,16,16,8,15,1
2128,256,32,16,16,8,15,1
2129,272,32,16,16,8,15,1
2130,288,32,16,16,8,15,1
2131,304,32,16,16,8,15,1
2132,320,32,16,16,8,15,1
2133,336,32,16,16,8,15,1
2134,352,32,16,16,8,15,1
2135,368,32,16,16,8,15,1
2136,384,32,16,16,8,15,1
2137,400,32,16,16,8,15,1
2138,416,32,16,16,8,15,1
2139,432,32,16,16,8,15,1
2140,448,32,16,16,8,15,1
2141,464,32,16,16,8,15,1
2142,480,32,16,16,8,15,1
2143,496,32,16,16,8,15,1
2144,0,48,16,16,8,15,1
2145,16,48,16,16,8,15,1
2146,480,368,8,16,4,15,1
2147,32,48,16,16,8,15,1
2148,48,48,16,16,8,15,1
2149,64,48,16,16,8,15,1
2150,80,48,16,16,8,15,1
2151,96,48,16,16,8,15,1
2152,112,48,16,16,8,15,1
2153,128,48,16,16,8,15,1
2154,144,48,16,16,8,15,1
2155,160,48,16,16,8,15,1
2156,176,48,16,16,8,15,1
2157,192,48,16,16,8,15,1
2158,208,48,16,16,8,15,1
2159,224,48,16,16,8,15,1
2160,240,48,16,16,8,15,1
2161,240,48,16,16,0,8,3
2162,240,48,16,16,8,0,5
2163,240,48,16,16,15,8,7
2164,256,48,16,16,8,15,1
2165,256,48,16,16,0,8,3
2166,256,48,16,16,8,0,5
2167,256,48,16,16,15,8,7
2168,272,48,16,16,8,15,1
2169,272,48,16,16,0,8,3
2170,272,48,16,16,8,0,5
2171,272,48,16,16,15,8,7
2172,288,48,16,16,8,8,1
2173,288,48,16,16,8,8,3
2174,288,48,16,16,8,8,5
2175,288,48,16,16,8,8,7
2176,304,48,16,16,8,15,1
2177,304,48,16,16,0,8,3
2178,304,48,16,16,8,0,5
2179,304,48,16,16,15,8,7
2180,320,48,16,16,8,15,1
2181,320,48,16,16,0,8,3
2182,320,48,16,16,8,0,5
2183,320,48,16,16,15,8,7
2184,384,384,8,16,8,15,1
2185,384,384,8,16,0,8,3
2186,384,384,8,16,8,0,5
2187,384,384,8,16,15,8,7
2188,392,384,8,16,8,15,1
2189,392,384,8,16,0,8,3
2190,392,384,8,16,8,0,5
2191,392,384,8,16,15,8,7
2192,336,48,16,16,8,15,1
2193,336,48,16,16,0,8,3
2194,336,48,16,16,8,0,5
2195,336,48,16,16,15,8,7
2196,400,384,8,16,8,15,1
2197,400,384,8,16,0,8,3
2198,400,384,8,16,8,0,5
2199,400,384,8,16,15,8,7
2200,408,384,8,16,8,15,1
2201,408,384,8,16,0,8,3
2202,408,384,8,16,8,0,5
2203,408,384,8,16,15,8,7
2204,352,48,16,16,8,15,1
2205,352,48,16,16,0,8,3
2206,352,48,16,16,8,0,5
2207,352,48,16,16,15,8,7
2208,368,48,16,16,8,15,1
2209,368,48,16,16,0,8,3
2210,368,48,16,16,8,0,5
2211,368,48,16,16,15,8,7
2212,168,496,8,16,4,8,1
2213,176,496,8,16,4,8,1
2214,168,496,8,16,4,8,1
2215,184,496,8,16,4,8,1
2216,384,48,16,16,8,15,1
2217,400,48,16,16,8,15,1
2218,480,328,16,8,8,8,1
2219,480,328,16,8,0,8,3
2220,480,328,16,8,8,0,5
2221,480,328,16,8,8,8,7
2222,496,328,16,8,8,8,1
2223,496,328,16,8,0,8,3
2224,496,328,16,8,8,0,5
2225,496,328,16,8,8,8,7
2226,328,384,8,16,4,15,1
2227,328,384,8,16,0,4,3
2228,328,384,8,16,4,0,5
2229,328,384,8,16,15,4,7
2230,416,48,16,16,8,8,1
2231,432,48,16,16,8,15,1
2232,448,48,16,16,4,15,1
2233,464,48,16,16,8,15,1
2234,480,48,16,16,8,15,1
2235,496,48,16,16,8,15,1
2236,0,64,16,16,8,15,1
2237,0,64,16,16,0,8,3
2238,0,64,16,16,8,0,5
2239,0,64,16,16,15,8,7
2240,16,64,16,16,4,15,1
2241,16,64,16,16,0,4,3
2242,16,64,16,16,4,0,5
2243,16,64,16,16,15,4,7
2244,352,384,8,16,4,15,1
2245,352,384,8,16,0,4,3
2246,352,384,8,16,4,0,5
2247,352,384,8,16,15,4,7
2248,360,384,8,16,4,15,1
2249,360,384,8,16,0,4,3
2250,360,384,8,16,4,0,5
2251,360,384,8,16,15,4,7
2252,368,384,8,16,4,15,1
2253,368,384,8,16,0,4,3
2254,368,384,8,16,4,0,5
2255,368,384,8,16,15,4,7
2256,32,64,16,16,8,15,1
2257,48,64,16,16,8,15,1
2258,64,64,16,16,8,15,1
2259,80,64,16,16,8,15,1
2260,96,64,16,16,8,15,1
2261,112,64,16,16,8,15,1
2262,128,64,16,16,8,15,1
2263,144,64,16,16,8,15,1
2264,160,64,16,16,8,15,1
2265,176,64,16,16,8,15,1
2266,192,64,16,16,8,15,1
2267,208,64,16,16,8,15,1
2268,224,64,16,16,8,15,1
2269,240,64,16,16,8,15,1
2270,256,64,16,16,8,15,1
2271,272,64,16,16,8,15,1
2272,288,64,16,16,8,15,1
2273,304,64,16,16,8,15,1
2274,320,64,16,16,8,15,1
2275,336,64,16,16,8,15,1
2276,504,352,8,16,4,15,1
2277,336,64,16,16,8,15,9
2278,352,64,16,16,8,15,1
2279,368,64,16,16,8,15,1
2280,496,352,8,16,4,15,1
2281,368,64,16,16,8,15,9
2282,384,64,16,16,8,15,1
2283,400,64,16,16,8,15,1
2284,416,64,16,16,8,15,1
2285,400,80,16,16,8,15,1
2286,168,480,8,16,8,15,1
2287,432,64,16,16,8,15,1
2288,448,64,16,16,8,15,1
2289,464,64,16,16,8,15,1
2290,480,64,16,16,8,15,1
2291,496,64,16,16,8,15,1
2292,0,80,16,16,8,16,1
2293,16,80,16,16,8,15,1
2294,32,80,16,16,8,15,1
2295,48,80,16,16,8,15,1
2296,64,80,16,16,8,15,1
2297,48,80,16,16,8,15,9
2298,32,80,16,16,8,15,17
2299,48,80,16,16,8,15,17
2300,64,80,16,16,8,15,17
2301,48,80,16,16,8,15,25
2302,80,80,16,16,8,15,1
2303,96,80,16,16,8,15,1
2304,80,80,16,16,8,15,9
2305,96,80,16,16,8,15,9
2306,416,392,8,8,4,7,1
2307,424,384,8,16,4,15,1
2308,112,80,16,16,8,15,1
2309,128,80,16,16,8,15,1
2310,144,80,16,16,8,15,1
2311,160,80,16,16,8,15,1
2312,176,80,16,16,8,15,1
2313,192,80,16,16,8,15,1
2314,208,80,16,16,8,15,1
2315,224,80,16,16,8,15,1
2316,240,80,16,16,8,15,1
2317,256,80,16,16,8,15,1
2318,272,80,16,16,8,15,1
2319,288,80,16,16,8,15,1
2320,304,80,16,16,8,15,1
2321,304,80,16,16,8,15,3
2322,320,80,16,16,8,8,1
2323,320,80,16,16,8,8,9
2324,336,80,16,16,8,8,1
2325,352,80,16,16,8,8,1
2326,488,352,8,16,4,8,1
2327,368,80,16,16,8,8,1
2328,384,80,16,16,8,8,1
2329,416,80,16,16,8,8,1
2330,432,80,16,16,8,8,1
2331,448,80,16,16,8,8,1
2332,464,80,16,16,8,8,1
2333,480,80,16,16,8,8,1
2334,496,80,16,16,8,8,1
2335,0,96,16,16,8,8,1
2336,16,96,16,16,8,8,1
2337,32,96,16,16,8,8,1
2338,48,96,16,16,8,8,1
2339,48,96,16,16,8,8,3
2340,48,96,16,16,8,8,5
2341,48,96,16,16,8,8,7
2342,64,96,16,16,8,8,1
2343,64,96,16,16,8,8,3
2344,64,96,16,16,8,8,5
2345,64,96,16,16,8,8,7
2346,80,96,16,16,8,8,1
2347,96,96,16,16,8,8,1
2348,400,496,16,8,8,4,1
2349,400,496,16,8,4,8,3
2350,400,496,16,8,8,4,5
2351,400,496,16,8,4,8,7
2352,112,96,16,16,2,15,1
2353,128,96,16,16,8,8,1
2354,144,96,16,16,8,15,1
2355,160,96,16,16,8,15,1
2356,176,96,16,16,8,15,1
2357,192,96,16,16,8,15,1
2358,208,96,16,16,8,15,1
2359,224,96,16,16,8,15,1
2360,240,96,16,16,8,15,1
2361,256,96,16,16,8,15,1
2362,272,96,16,16,8,15,1
2363,488,368,8,16,4,15,1
2364,488,368,8,16,0,4,3
2365,488,368,8,16,4,0,5
2366,488,368,8,16,15,4,7
2367,376,384,8,16,2,15,1
2368,376,384,8,16,0,2,3
2369,376,384,8,16,4,0,5
2370,376,384,8,16,15,4,7
2371,288,96,16,16,8,15,1
2372,288,96,16,16,0,8,3
2373,288,96,16,16,8,0,5
2374,288,96,16,16,15,8,7
2375,304,96,16,16,8,15,1
2376,304,96,16,16,0,8,3
2377,304,96,16,16,8,0,5
2378,304,96,16,16,15,8,7
2379,320,96,16,16,8,15,1
2380,320,96,16,16,0,8,3
2381,320,96,16,16,8,0,5
2382,320,96,16,16,15,8,7
2383,336,96,16,16,8,8,1
2384,352,96,16,16,8,8,1
2385,368,96,16,16,8,8,1
2386,384,96,16,16,8,8,1
2387,400,96,16,16,8,8,1
2388,416,96,16,16,8,8,1
2389,432,96,16,16,7,8,1
2390,448,96,16,16,8,15,1
2391,464,96,16,16,8,15,1
2392,480,96,16,16,8,8,1
2393,496,96,16,16,8,8,1
2394,480,352,8,16,4,15,1
2395,0,112,16,16,8,8,1
2396,0,112,16,16,8,8,3
2397,0,112,16,16,8,8,5
2398,0,112,16,16,8,8,7
2399,16,112,16,16,8,8,1
2400,16,112,16,16,8,8,3
2401,16,112,16,16,8,8,5
2402,16,112,16,16,8,8,7
2403,32,112,16,16,8,8,1
2404,32,112,16,16,8,8,3
2405,32,112,16,16,8,8,5
2406,32,112,16,16,8,8,7
2407,48,112,16,16,8,8,1
2408,48,112,16,16,8,8,3
2409,48,112,16,16,8,8,5
2410,48,112,16,16,8,8,7
2411,64,112,16,16,8,15,1
2412,80,112,16,16,1,15,1
2413,96,112,16,16,8,15,1
2414,112,112,16,16,8,15,1
2415,96,112,16,16,8,15,9
2416,128,112,16,16,8,15,1
2417,144,120,16,8,8,7,1
2418,160,120,16,8,8,7,1
2419,144,112,16,8,8,7,1
2420,160,112,16,8,8,7,1
2421,176,112,16,16,8,8,1
2422,176,112,16,16,8,8,3
2423,176,112,16,16,8,8,5
2424,176,112,16,16,8,8,7
2425,192,112,16,16,8,8,1
2426,192,112,16,16,8,8,3
2427,192,112,16,16,8,8,5
2428,192,112,16,16,8,8,7
2429,208,112,16,16,8,8,1
2430,208,112,16,16,8,8,3
2431,208,112,16,16,8,8,5
2432,208,112,16,16,8,8,7
2433,224,112,16,16,8,8,1
2434,224,112,16,16,8,8,3
2435,224,112,16,16,8,8,5
2436,224,112,16,16,8,8,7
2437,240,112,16,16,8,8,1
2438,240,112,16,16,8,8,3
2439,240,112,16,16,8,8,5
2440,240,112,16,16,8,8,7
2441,256,112,16,16,8,8,1
2442,256,112,16,16,8,8,9
2443,256,112,16,16,8,8,3
2444,256,112,16,16,8,8,11
2445,256,112,16,16,8,8,5
2446,256,112,16,16,8,8,13
2447,256,112,16,16,8,8,7
2448,256,112,16,16,8,8,15
2449,272,112,16,16,8,8,1
2450,272,112,16,16,8,8,3
2451,272,112,16,16,8,8,5
2452,272,112,16,16,8,8,7
2453,288,112,16,16,8,8,1
2454,304,112,16,16,8,8,1
2455,288,112,16,16,8,8,3
2456,304,112,16,16,8,8,3
2457,288,112,16,16,8,8,5
2458,304,112,16,16,8,8,5
2459,288,112,16,16,8,8,7
2460,304,112,16,16,8,8,7
2461,320,112,16,16,8,8,1
2462,336,112,16,16,8,8,1
2463,320,112,16,16,8,8,9
2464,336,112,16,16,8,8,9
2465,352,112,16,16,8,8,1
2466,352,112,16,16,8,8,9
2467,352,112,16,16,8,8,3
2468,352,112,16,16,8,8,11
2469,352,112,16,16,8,8,5
2470,352,112,16,16,8,8,13
2471,352,112,16,16,8,8,7
2472,352,112,16,16,8,8,15
2473,368,112,16,16,8,8,1
2474,368,112,16,16,8,8,9
2475,368,112,16,16,8,8,3
2476,368,112,16,16,8,8,11
2477,368,112,16,16,8,8,5
2478,368,112,16,16,8,8,13
2479,368,112,16,16,8,8,7
2480,368,112,16,16,8,8,15
2481,384,112,16,16,8,8,1
2482,384,112,16,16,8,8,3
2483,384,112,16,16,8,8,5
2484,384,112,16,16,8,8,7
2485,400,112,16,16,8,8,1
2486,400,112,16,16,8,8,3
2487,400,112,16,16,8,8,5
2488,400,112,16,16,8,8,7
2489,416,112,16,16,8,8,1
2490,416,112,16,16,8,8,3
2491,416,112,16,16,8,8,5
2492,416,112,16,16,8,8,7
2493,432,112,16,16,8,15,1
2494,416,400,8,16,2,12,1
2495,424,400,8,16,2,12,1
2496,432,400,8,16,2,12,1
2497,440,400,8,16,2,12,1
2498,448,400,8,16,2,12,1
2499,456,400,8,16,2,12,1
2500,320,128,16,16,8,8,1
2501,336,128,16,16,8,8,1
2502,352,128,16,16,8,8,1
2503,368,128,16,16,8,8,1
2504,384,128,16,16,8,8,1
2505,400,128,16,16,8,8,1
2506,426,128,16,16,8,8,1
2507,432,128,16,16,8,8,1
2508,448,128,16,16,8,8,1
2509,464,128,16,16,8,8,1
2510,480,128,16,16,8,8,1
2511,496,128,16,16,8,8,1
2512,0,272,16,16,8,15,1
2513,16,272,16,16,8,15,1
2514,0,272,16,16,8,15,9
2515,32,272,16,16,8,15,1
2516,48,272,16,16,8,15,1
2517,48,272,16,16,8,15,1
2518,48,272,16,16,8,15,9
2519,48,272,16,16,8,15,9
2520,64,272,16,16,8,15,1
2521,80,272,16,16,8,15,1
2522,64,272,16,16,8,15,9
2523,96,272,16,16,8,15,1
2524,112,272,16,16,8,15,1
2525,112,272,16,16,8,15,1
2526,112,272,16,16,8,15,9
2527,112,272,16,16,8,15,9
2528,128,272,16,16,8,15,1
2529,144,272,16,16,8,15,1
2530,128,272,16,16,8,15,9
2531,160,272,16,16,8,15,1
2532,176,272,16,16,8,15,1
2533,176,272,16,16,8,15,1
2534,176,272,16,16,8,15,9
2535,176,272,16,16,8,15,9
2536,192,272,16,16,8,15,1
2537,208,272,16,16,8,15,1
2538,192,272,16,16,8,15,9
2539,224,272,16,16,8,15,1
2540,240,272,16,16,8,15,1
2541,240,272,16,16,8,15,1
2542,240,272,16,16,8,15,9
2543,240,272,16,16,8,15,9
2544,0,144,16,16,8,15,1
2545,16,144,16,16,8,15,1
2546,0,144,16,16,8,15,1
2547,32,144,16,16,8,15,1
2548,48,144,16,16,8,15,1
2549,64,144,16,16,8,15,1
2550,48,144,16,16,8,15,1
2551,64,144,16,16,8,15,9
2552,0,144,16,16,8,15,9
2553,16,144,16,16,8,15,9
2554,0,144,16,16,8,15,9
2555,32,144,16,16,8,15,9
2556,80,144,16,16,8,15,1
2557,96,144,16,16,8,15,1
2558,80,144,16,16,8,15,1
2559,96,144,16,16,8,15,9
2560,112,144,16,16,8,15,1
2561,112,144,16,16,8,15,1
2562,112,144,16,16,8,15,9
2563,112,144,16,16,8,15,9
2564,128,144,16,16,8,15,1
2565,144,144,16,16,8,15,1
2566,128,144,16,16,8,15,1
2567,160,144,16,16,8,15,1
2568,176,144,16,16,8,15,1
2569,192,144,16,16,8,15,1
2570,176,144,16,16,8,15,1
2571,192,144,16,16,8,15,9
2572,128,144,16,16,8,15,9
2573,144,144,16,16,8,15,9
2574,128,144,16,16,8,15,9
2575,160,144,16,16,8,15,9
2576,208,144,16,16,8,15,1
2577,224,144,16,16,8,15,1
2578,208,144,16,16,8,15,1
2579,224,144,16,16,8,15,9
2580,240,144,16,16,8,15,1
2581,240,144,16,16,8,15,1
2582,240,144,16,16,8,15,9
2583,240,144,16,16,8,15,9
2584,256,144,16,16,8,15,1
2585,272,144,16,16,8,15,1
2586,256,144,16,16,8,15,1
2587,288,144,16,16,8,15,1
2588,304,144,16,16,8,15,1
2589,320,144,16,16,8,15,1
2590,304,144,16,16,8,15,1
2591,320,144,16,16,8,15,9
2592,256,144,16,16,8,15,9
2593,272,144,16,16,8,15,9
2594,256,144,16,16,8,15,9
2595,288,144,16,16,8,15,9
2596,336,144,16,16,8,15,1
2597,352,144,16,16,8,15,1
2598,336,144,16,16,8,15,1
2599,352,144,16,16,8,15,9
2600,368,144,16,16,8,15,1
2601,368,144,16,16,8,15,1
2602,368,144,16,16,8,15,9
2603,368,144,16,16,8,15,9
2604,384,144,16,16,8,15,1
2605,400,144,16,16,8,15,1
2606,384,144,16,16,8,15,1
2607,416,144,16,16,8,15,1
2608,432,144,16,16,8,15,1
2609,448,144,16,16,8,15,1
2610,432,144,16,16,8,15,1
2611,448,144,16,16,8,15,9
2612,384,144,16,16,8,15,9
2613,400,144,16,16,8,15,9
2614,384,144,16,16,8,15,9
2615,416,144,16,16,8,15,9
2616,464,144,16,16,8,15,1
2617,480,144,16,16,8,15,1
2618,464,144,16,16,8,15,1
2619,480,144,16,16,8,15,9
2620,496,144,16,16,8,15,1
2621,496,144,16,16,8,15,1
2622,496,144,16,16,8,15,9
2623,496,144,16,16,8,15,9
2624,0,160,16,16,8,15,1
2625,16,160,16,16,8,15,1
2626,0,160,16,16,8,15,1
2627,32,160,16,16,8,15,1
2628,48,160,16,16,8,15,1
2629,64,160,16,16,8,15,1
2630,48,160,16,16,8,15,1
2631,64,160,16,16,8,15,9
2632,0,160,16,16,8,15,9
2633,16,160,16,16,8,15,9
2634,0,160,16,16,8,15,9
2635,32,160,16,16,8,15,9
2636,80,160,16,16,8,15,1
2637,96,160,16,16,8,15,1
2638,80,160,16,16,8,15,1
2639,96,160,16,16,8,15,9
2640,112,160,16,16,8,15,1
2641,112,160,16,16,8,15,1
2642,112,160,16,16,8,15,9
2643,112,160,16,16,8,15,9
2644,128,160,16,16,8,15,1
2645,144,160,16,16,8,15,1
2646,128,160,16,16,8,15,1
2647,160,160,16,16,8,15,1
2648,176,160,16,16,8,15,1
2649,192,160,16,16,8,15,1
2650,176,160,16,16,8,15,1
2651,192,160,16,16,8,15,9
2652,128,160,16,16,8,15,9
2653,144,160,16,16,8,15,9
2654,128,160,16,16,8,15,9
2655,160,160,16,16,8,15,9
2656,208,160,16,16,8,15,1
2657,224,160,16,16,8,15,1
2658,208,160,16,16,8,15,1
2659,224,160,16,16,8,15,9
2660,240,160,16,16,8,15,1
2661,240,160,16,16,8,15,1
2662,240,160,16,16,8,15,9
2663,240,160,16,16,8,15,9
2664,256,160,16,16,8,15,1
2665,272,160,16,16,8,15,1
2666,256,160,16,16,8,15,1
2667,288,160,16,16,8,15,1
2668,304,160,16,16,8,15,1
2669,320,160,16,16,8,15,1
2670,304,160,16,16,8,15,1
2671,320,160,16,16,8,15,9
2672,256,160,16,16,8,15,9
2673,272,160,16,16,8,15,9
2674,256,160,16,16,8,15,9
2675,288,160,16,16,8,15,9
2676,336,160,16,16,8,15,1
2677,352,160,16,16,8,15,1
2678,336,160,16,16,8,15,1
2679,352,160,16,16,8,15,9
2680,368,160,16,16,8,15,1
2681,368,160,16,16,8,15,1
2682,368,160,16,16,8,15,9
2683,368,160,16,16,8,15,9
2684,384,160,16,16,8,15,1
2685,400,160,16,16,8,15,1
2686,384,160,16,16,8,15,1
2687,416,160,16,16,8,15,1
2688,432,160,16,16,8,15,1
2689,448,160,16,16,8,15,1
2690,432,160,16,16,8,15,1
2691,448,160,16,16,8,15,9
2692,384,160,16,16,8,15,9
2693,400,160,16,16,8,15,9
2694,384,160,16,16,8,15,9
2695,416,160,16,16,8,15,9
2696,464,160,16,16,8,15,1
2697,480,160,16,16,8,15,1
2698,464,160,16,16,8,15,1
2699,480,160,16,16,8,15,9
2700,496,160,16,16,8,15,1
2701,496,160,16,16,8,15,1
2702,496,160,16,16,8,15,9
2703,496,160,16,16,8,15,9
2704,0,176,16,16,8,15,1
2705,16,176,16,16,8,15,1
2706,0,176,16,16,8,15,1
2707,32,176,16,16,8,15,1
2708,48,176,16,16,8,15,1
2709,64,176,16,16,8,15,1
2710,48,176,16,16,8,15,1
2711,64,176,16,16,8,15,9
2712,0,176,16,16,8,15,9
2713,16,176,16,16,8,15,9
2714,0,176,16,16,8,15,9
2715,32,176,16,16,8,15,9
2716,80,176,16,16,8,15,1
2717,96,176,16,16,8,15,1
2718,80,176,16,16,8,15,1
2719,96,176,16,16,8,15,9
2720,112,176,16,16,8,15,1
2721,112,176,16,16,8,15,1
2722,112,176,16,16,8,15,9
2723,112,176,16,16,8,15,9
2724,128,176,16,16,8,15,1
2725,144,176,16,16,8,15,1
2726,128,176,16,16,8,15,1
2727,160,176,16,16,8,15,1
2728,176,176,16,16,8,15,1
2729,192,176,16,16,8,15,1
2730,176,176,16,16,8,15,1
2731,192,176,16,16,8,15,9
2732,128,176,16,16,8,15,9
2733,144,176,16,16,8,15,9
2734,128,176,16,16,8,15,9
2735,160,176,16,16,8,15,9
2736,208,176,16,16,8,15,1
2737,224,176,16,16,8,15,1
2738,208,176,16,16,8,15,1
2739,224,176,16,16,8,15,9
2740,240,176,16,16,8,15,1
2741,240,176,16,16,8,15,1
2742,240,176,16,16,8,15,9
2743,240,176,16,16,8,15,9
2744,256,176,16,16,8,15,1
2745,272,176,16,16,8,15,1
2746,256,176,16,16,8,15,1
2747,288,176,16,16,8,15,1
2748,304,176,16,16,8,15,1
2749,320,176,16,16,8,15,1
2750,304,176,16,16,8,15,1
2751,320,176,16,16,8,15,9
2752,256,176,16,16,8,15,9
2753,272,176,16,16,8,15,9
2754,256,176,16,16,8,15,9
2755,288,176,16,16,8,15,9
2756,336,176,16,16,8,15,1
2757,352,176,16,16,8,15,1
2758,336,176,16,16,8,15,1
2759,352,176,16,16,8,15,9
2760,368,176,16,16,8,15,1
2761,368,176,16,16,8,15,1
2762,368,176,16,16,8,15,9
2763,368,176,16,16,8,15,9
2764,384,176,16,16,8,15,1
2765,400,176,16,16,8,15,1
2766,384,176,16,16,8,15,1
2767,416,176,16,16,8,15,1
2768,432,176,16,16,8,15,1
2769,448,176,16,16,8,15,1
2770,432,176,16,16,8,15,1
2771,448,176,16,16,8,15,9
2772,384,176,16,16,8,15,9
2773,400,176,16,16,8,15,9
2774,384,176,16,16,8,15,9
2775,416,176,16,16,8,15,9
2776,464,176,16,16,8,15,1
2777,480,176,16,16,8,15,1
2778,464,176,16,16,8,15,1
2779,480,176,16,16,8,15,9
2780,496,176,16,16,8,15,1
2781,496,176,16,16,8,15,1
2782,496,176,16,16,8,15,9
2783,496,176,16,16,8,15,9
2784,0,192,16,16,8,15,1
2785,16,192,16,16,8,15,1
2786,0,192,16,16,8,15,1
2787,32,192,16,16,8,15,1
2788,48,192,16,16,8,15,1
2789,64,192,16,16,8,15,1
2790,48,192,16,16,8,15,1
2791,65,192,16,16,8,15,9
2792,0,192,16,16,8,15,9
2793,16,192,16,16,8,15,9
2794,0,192,16,16,8,15,9
2795,32,192,16,16,8,15,9
2796,80,192,16,16,8,15,1
2797,96,192,16,16,8,15,1
2798,80,192,16,16,8,15,1
2799,96,192,16,16,8,15,9
2800,112,192,16,16,8,15,1
2801,112,192,16,16,8,15,1
2802,112,192,16,16,8,15,9
2803,112,192,16,16,8,15,9
2804,128,192,16,16,8,15,1
2805,144,192,16,16,8,15,1
2806,128,192,16,16,8,15,1
2807,160,192,16,16,8,15,1
2808,176,192,16,16,8,15,1
2809,192,192,16,16,8,15,1
2810,176,192,16,16,8,15,9
2811,192,192,16,16,8,15,9
2812,128,192,16,16,8,15,9
2813,144,192,16,16,8,15,9
2814,128,192,16,16,8,15,9
2815,160,192,16,16,8,15,1
2816,208,192,16,16,8,15,1
2817,224,192,16,16,8,15,1
2818,208,192,16,16,8,15,9
2819,224,192,16,16,8,15,1
2820,240,192,16,16,8,15,1
2821,240,192,16,16,8,15,1
2822,240,192,16,16,8,15,9
2823,240,192,16,16,8,15,9
2824,256,192,16,16,8,15,1
2825,272,192,16,16,8,15,1
2826,256,192,16,16,8,15,1
2827,288,192,16,16,8,15,1
2828,304,192,16,16,8,15,1
2829,320,192,16,16,8,15,1
2830,304,192,16,16,8,15,1
2831,320,192,16,16,8,15,9
2832,256,192,16,16,8,15,9
2833,272,192,16,16,8,15,9
2834,256,192,16,16,8,15,9
2835,288,192,16,16,8,15,9
2836,336,192,16,16,8,15,1
2837,352,192,16,16,8,15,1
2838,336,192,16,16,8,15,1
2839,352,192,16,16,8,15,9
2840,368,192,16,16,8,15,1
2841,368,192,16,16,8,15,1
2842,368,192,16,16,8,15,9
2843,368,192,16,16,8,15,9
2844,384,192,16,16,8,15,1
2845,400,192,16,16,8,15,1
2846,384,192,16,16,8,15,1
2847,416,192,16,16,8,15,1
2848,432,192,16,16,8,15,1
2849,448,192,16,16,8,15,1
2850,432,192,16,16,8,15,1
2851,448,192,16,16,8,15,9
2852,384,192,16,16,8,15,9
2853,400,192,16,16,8,15,9
2854,384,192,16,16,8,15,9
2855,416,192,16,16,8,15,9
2856,464,192,16,16,8,15,1
2857,480,192,16,16,8,15,1
2858,464,192,16,16,8,15,1
2859,480,192,16,16,8,15,9
2860,496,192,16,16,8,15,1
2861,496,192,16,16,8,15,1
2862,496,192,16,16,8,15,9
2863,496,192,16,16,8,15,9
2864,0,208,16,16,8,15,1
2865,16,208,16,16,8,15,1
2866,0,208,16,16,8,15,1
2867,32,208,16,16,8,15,1
2868,48,208,16,16,8,15,1
2869,64,208,16,16,8,15,1
2870,48,208,16,16,8,15,1
2871,64,208,16,16,8,15,9
2872,0,208,16,16,8,15,9
2873,16,208,16,16,8,15,9
2874,0,208,16,16,8,15,9
2875,32,208,16,16,8,15,9
2876,80,208,16,16,8,15,1
2877,96,208,16,16,8,15,1
2878,80,208,16,16,8,15,1
2879,96,208,16,16,8,15,9
2880,112,208,16,16,8,15,1
2881,112,208,16,16,8,15,1
2882,112,208,16,16,8,15,9
2883,112,208,16,16,8,15,9
2884,128,208,16,16,8,15,1
2885,144,208,16,16,8,15,1
2886,128,208,16,16,8,15,1
2887,160,208,16,16,8,15,1
2888,176,208,16,16,8,15,1
2889,192,208,16,16,8,15,1
2890,176,208,16,16,8,15,1
2891,192,208,16,16,8,15,9
2892,128,208,16,16,8,15,9
2893,144,208,16,16,8,15,9
2894,128,208,16,16,8,15,9
2895,160,208,16,16,8,15,9
2896,208,208,16,16,8,15,1
2897,224,208,16,16,8,15,1
2898,208,208,16,16,8,15,1
2899,224,208,16,16,8,15,9
2900,240,208,16,16,8,15,1
2901,240,208,16,16,8,15,1
2902,240,208,16,16,8,15,9
2903,240,208,16,16,8,15,9
2904,256,208,16,16,8,15,1
2905,272,208,16,16,8,15,1
2906,256,208,16,16,8,15,1
2907,288,208,16,16,8,15,1
2908,304,208,16,16,8,15,1
2909,320,208,16,16,8,15,1
2910,304,208,16,16,8,15,1
2911,320,208,16,16,8,15,9
2912,256,208,16,16,8,15,9
2913,272,208,16,16,8,15,9
2914,256,208,16,16,8,15,9
2915,288,208,16,16,8,15,9
2916,336,208,16,16,8,15,1
2917,352,208,16,16,8,15,1
2918,336,208,16,16,8,15,1
2919,352,208,16,16,8,15,9
2920,368,208,16,16,8,15,1
2921,368,208,16,16,8,15,1
2922,368,208,16,16,8,15,9
2923,368,208,16,16,8,15,9
2924,384,208,16,16,8,15,1
2925,400,208,16,16,8,15,1
2926,384,208,16,16,8,15,1
2927,416,208,16,16,8,15,1
2928,432,208,16,16,8,15,1
2929,448,208,16,16,8,15,1
2930,432,208,16,16,8,15,1
2931,448,208,16,16,8,15,9
2932,384,208,16,16,8,15,9
2933,400,208,16,16,8,15,9
2934,384,208,16,16,8,15,9
2935,416,208,16,16,8,15,9
2936,464,208,16,16,8,15,1
2937,480,208,16,16,8,15,1
2938,464,208,16,16,8,15,1
2939,480,208,16,16,8,15,9
2940,496,208,16,16,8,15,1
2941,496,208,16,16,8,15,1
2942,496,208,16,16,8,15,9
2943,496,208,16,16,8,15,9
2944,0,224,16,16,8,15,1
2945,16,224,16,16,8,15,1
2946,0,224,16,16,8,15,1
2947,32,224,16,16,8,15,1
2948,48,224,16,16,8,15,1
2949,64,224,16,16,8,15,1
2950,48,224,16,16,8,15,1
2951,64,224,16,16,8,15,9
2952,0,224,16,16,8,15,9
2953,16,224,16,16,8,15,9
2954,0,224,16,16,8,15,9
2955,32,224,16,16,8,15,9
2956,80,224,16,16,8,15,1
2957,96,224,16,16,8,15,1
2958,80,224,16,16,8,15,1
2959,96,224,16,16,8,15,9
2960,112,224,16,16,8,15,1
2961,112,224,16,16,8,15,1
2962,112,224,16,16,8,15,9
2963,112,224,16,16,8,15,9
2964,128,224,16,16,8,15,1
2965,144,224,16,16,8,15,1
2966,128,224,16,16,8,15,1
2967,160,224,16,16,8,15,1
2968,176,224,16,16,8,15,1
2969,192,224,16,16,8,15,1
2970,176,224,16,16,8,15,1
2971,192,224,16,16,8,15,9
2972,128,224,16,16,8,15,9
2973,144,224,16,16,8,15,9
2974,128,224,16,16,8,15,9
2975,160,224,16,16,8,15,9
2976,208,224,16,16,8,15,1
2977,224,224,16,16,8,15,1
2978,208,224,16,16,8,15,1
2979,224,224,16,16,8,15,9
2980,240,224,16,16,8,15,1
2981,240,224,16,16,8,15,1
2982,240,224,16,16,8,15,9
2983,240,224,16,16,8,15,9
2984,256,224,16,16,8,15,1
2985,272,224,16,16,8,15,1
2986,256,224,16,16,8,15,1
2987,288,224,16,16,8,15,1
2988,304,224,16,16,8,15,1
2989,320,224,16,16,8,15,1
2990,304,224,16,16,8,15,1
2991,320,224,16,16,8,15,9
2992,256,224,16,16,8,15,9
2993,272,224,16,16,8,15,9
2994,256,224,16,16,8,15,9
2995,288,224,16,16,8,15,9
2996,336,224,16,16,8,15,1
2997,352,224,16,16,8,15,1
2998,336,224,16,16,8,15,1
2999,352,224,16,16,8,15,9
3000,368,224,16,16,8,15,1
3001,368,224,16,16,8,15,1
3002,368,224,16,16,8,15,9
3003,368,224,16,16,8,15,9
3004,384,224,16,16,8,15,1
3005,400,224,16,16,8,15,1
3006,384,224,16,16,8,15,1
3007,416,224,16,16,8,15,1
3008,432,224,16,16,8,15,1
3009,448,224,16,16,8,15,1
3010,432,224,16,16,8,15,1
3011,448,224,16,16,8,15,9
3012,384,224,16,16,8,15,9
3013,400,224,16,16,8,15,9
3014,384,224,16,16,8,15,9
3015,416,224,16,16,8,15,9
3016,464,224,16,16,8,15,1
3017,480,224,16,16,8,15,1
3018,464,224,16,16,8,15,1
3019,480,224,16,16,8,15,9
3020,496,224,16,16,8,15,1
3021,496,224,16,16,8,15,1
3022,496,224,16,16,8,15,9
3023,496,224,16,16,8,15,9
3024,0,240,16,16,8,15,1
3025,16,240,16,16,8,15,1
3026,0,240,16,16,8,15,1
3027,32,240,16,16,8,15,1
3028,48,240,16,16,8,15,1
3029,64,240,16,16,8,15,1
3030,48,240,16,16,8,15,1
3031,64,240,16,16,8,15,9
3032,0,240,16,16,8,15,9
3033,16,240,16,16,8,15,9
3034,0,240,16,16,8,15,9
3035,32,240,16,16,8,15,9
3036,80,240,16,16,8,15,1
3037,96,240,16,16,8,15,1
3038,80,240,16,16,8,15,1
3039,96,240,16,16,8,15,9
3040,112,240,16,16,8,15,1
3041,112,240,16,16,8,15,1
3042,112,240,16,16,8,15,9
3043,112,240,16,16,8,15,9
3044,128,240,16,16,8,15,1
3045,144,240,16,16,8,15,1
3046,128,240,16,16,8,15,1
3047,160,240,16,16,8,15,1
3048,176,240,16,16,8,15,1
3049,192,240,16,16,8,15,1
3050,176,240,16,16,8,15,1
3051,192,240,16,16,8,15,9
3052,128,240,16,16,8,15,9
3053,144,240,16,16,8,15,9
3054,128,240,16,16,8,15,9
3055,160,240,16,16,8,15,9
3056,208,240,16,16,8,15,1
3057,224,240,16,16,8,15,1
3058,208,240,16,16,8,15,1
3059,224,240,16,16,8,15,9
3060,240,240,16,16,8,15,1
3061,240,240,16,16,8,15,1
3062,240,240,16,16,8,15,9
3063,240,240,16,16,8,15,9
3064,256,240,16,16,8,15,1
3065,272,240,16,16,8,15,1
3066,256,240,16,16,8,15,1
3067,288,240,16,16,8,15,1
3068,304,240,16,16,8,15,1
3069,320,240,16,16,8,15,1
3070,304,240,16,16,8,15,1
3071,320,240,16,16,8,15,9
3072,256,240,16,16,8,15,9
3073,272,240,16,16,8,15,9
3074,256,240,16,16,8,15,9
3075,288,240,16,16,8,15,9
3076,336,240,16,16,8,15,1
3077,352,240,16,16,8,15,1
3078,336,240,16,16,8,15,1
3079,352,240,16,16,8,15,9
3080,368,240,16,16,8,15,1
3081,368,240,16,16,8,15,1
3082,368,240,16,16,8,15,9
3083,368,240,16,16,8,15,9
3084,384,240,16,16,8,15,1
3085,400,240,16,16,8,15,1
3086,384,240,16,16,8,15,1
3087,416,240,16,16,8,15,1
3088,432,240,16,16,8,15,1
3089,448,240,16,16,8,15,1
3090,432,240,16,16,8,15,1
3091,448,240,16,16,8,15,9
3092,384,240,16,16,8,15,9
3093,400,240,16,16,8,15,9
3094,384,240,16,16,8,15,9
3095,416,240,16,16,8,15,9
3096,464,240,16,16,8,15,1
3097,480,240,16,16,8,15,1
3098,464,240,16,16,8,15,1
3099,480,240,16,16,8,15,9
3100,496,240,16,16,8,15,1
3101,496,240,16,16,8,15,1
3102,496,240,16,16,8,15,9
3103,496,240,16,16,8,15,9
3104,0,256,16,16,8,15,1
3105,16,256,16,16,8,15,1
3106,0,256,16,16,8,15,1
3107,32,256,16,16,8,15,1
3108,48,256,16,16,8,15,1
3109,64,256,16,16,8,15,1
3110,48,256,16,16,8,15,1
3111,64,256,16,16,8,15,9
3112,0,256,16,16,8,15,9
3113,16,256,16,16,8,15,9
3114,0,256,16,16,8,15,9
3115,32,256,16,16,8,15,9
3116,80,256,16,16,8,15,1
3117,96,256,16,16,8,15,1
3118,80,256,16,16,8,15,1
3119,96,256,16,16,8,15,9
3120,112,256,16,16,8,15,1
3121,112,256,16,16,8,15,1
3122,112,256,16,16,8,15,9
3123,112,256,16,16,8,15,9
3124,128,256,16,16,8,15,1
3125,144,256,16,16,8,15,1
3126,128,256,16,16,8,15,1
3127,160,256,16,16,8,15,1
3128,176,256,16,16,8,15,1
3129,192,256,16,16,8,15,1
3130,176,256,16,16,8,15,1
3131,192,256,16,16,8,15,9
3132,128,256,16,16,8,15,9
3133,144,256,16,16,8,15,9
3134,128,256,16,16,8,15,9
3135,160,256,16,16,8,15,9
3136,208,256,16,16,8,15,1
3137,224,256,16,16,8,15,1
3138,208,256,16,16,8,15,1
3139,224,256,16,16,8,15,9
3140,240,256,16,16,8,15,1
3141,240,256,16,16,8,15,1
3142,240,256,16,16,8,15,9
3143,240,256,16,16,8,15,9
3144,0,304,16,16,8,15,1
3145,0,304,16,16,8,15,9
3146,16,304,16,16,8,15,1
3147,16,304,16,16,8,15,9
3148,32,304,16,16,8,15,1
3149,48,304,16,16,8,15,1
3150,32,304,16,16,8,15,9
3151,48,304,16,16,8,15,9
3152,256,256,16,16,8,15,1
3153,272,256,16,16,8,15,1
3154,256,256,16,16,8,15,1
3155,288,256,16,16,8,15,1
3156,304,256,16,16,8,15,1
3157,320,256,16,16,8,15,1
3158,304,256,16,16,8,15,1
3159,320,256,16,16,8,15,9
3160,256,256,16,16,8,15,9
3161,272,256,16,16,8,15,9
3162,256,256,16,16,8,15,9
3163,288,256,16,16,8,15,9
3164,336,256,16,16,8,15,1
3165,352,256,16,16,8,15,1
3166,336,256,16,16,8,15,1
3167,352,256,16,16,8,15,9
3168,368,256,16,16,8,15,1
3169,368,256,16,16,8,15,1
3170,368,256,16,16,8,15,9
3171,368,256,16,16,8,15,9
3172,384,256,16,16,8,15,1
3173,400,256,16,16,8,15,1
3174,384,256,16,16,8,15,1
3175,416,256,16,16,8,15,1
3176,432,256,16,16,8,15,1
3177,448,256,16,16,8,15,1
3178,432,256,16,16,8,15,1
3179,448,256,16,16,8,15,9
3180,384,256,16,16,8,15,9
3181,400,256,16,16,8,15,9
3182,384,256,16,16,8,15,9
3183,416,256,16,16,8,15,9
3184,464,256,16,16,8,15,1
3185,480,256,16,16,8,15,1
3186,464,256,16,16,8,15,1
3187,480,256,16,16,8,15,9
3188,496,256,16,16,8,15,1
3189,496,256,16,16,8,15,1
3190,496,256,16,16,8,15,9
3191,496,256,16,16,8,15,9
3192,256,272,16,16,8,15,1
3193,272,272,16,16,8,15,1
3194,256,272,16,16,8,15,9
3195,272,272,16,16,8,15,9
3196,272,272,16,16,8,15,1
3197,272,272,16,16,8,15,9
3198,288,272,16,16,8,15,1
3199,288,272,16,16,8,15,9
3200,304,272,16,16,8,15,1
3201,304,272,16,16,8,15,9
3202,320,272,16,16,8,15,1
3203,336,272,16,16,8,15,1
3204,320,272,16,16,8,15,9
3205,336,272,16,16,8,15,9
3206,336,272,16,16,8,15,1
3207,336,272,16,16,8,15,9
3208,352,272,16,16,8,15,1
3209,352,272,16,16,8,15,9
3210,368,272,16,16,8,15,1
3211,368,272,16,16,8,15,9
3212,384,272,16,16,8,15,1
3213,400,272,16,16,8,15,1
3214,384,272,16,16,8,15,1
3215,400,272,16,16,8,15,9
3216,416,272,16,16,8,15,1
3217,416,272,16,16,8,15,9
3218,432,272,16,16,8,15,1
3219,432,272,16,16,8,15,9
3220,448,272,16,16,8,15,1
3221,480,272,16,16,8,15,9
3222,480,272,16,16,8,15,1
3223,496,272,16,16,8,15,9
3224,496,272,16,16,8,15,1
3225,464,272,16,16,0,6,9
3226,464,272,16,16,16,6,1
3227,464,272,16,16,0,10,25
3228,464,272,16,16,16,10,17
3229,336,384,16,8,8,7,1
3230,432,464,16,8,8,7,1
3231,336,392,16,8,8,4,1
3232,432,384,16,8,8,4,1
3233,464,392,8,8,0,8,1
3234,432,392,8,8,0,8,1
3235,440,392,8,8,0,8,1
3236,448,384,8,16,0,16,1
3237,456,384,8,16,0,16,1
3238,464,384,8,8,8,8,1
3239,464,384,8,8,0,8,9
3240,464,384,8,8,8,0,17
3241,464,384,8,8,0,0,25
3242,472,384,8,8,4,4,1
3243,48,288,16,16,8,8,1
3244,64,288,16,16,8,8,1
3245,80,288,16,16,8,8,1
3246,64,288,16,16,8,8,9
3247,96,288,16,16,8,8,1
3248,112,288,16,16,8,8,1
3249,128,288,16,16,8,8,1
3250,112,288,16,16,8,8,9
3251,0,288,16,16,8,8,1
3252,16,288,16,16,8,8,1
3253,32,288,16,16,8,8,1
3254,144,288,16,16,8,8,1
3255,160,288,16,16,8,8,1
3256,173,288,16,16,8,8,1
3257,160,288,16,16,8,8,9
3258,192,288,16,16,8,8,1
3259,208,288,16,16,8,8,1
3260,224,288,16,16,8,8,1
3261,240,288,16,16,8,8,1
3262,256,288,16,16,8,8,1
3263,272,288,16,16,8,8,1
3264,288,288,16,16,8,8,1
3265,304,288,16,16,8,8,1
3266,320,288,16,16,8,8,1
3267,336,288,16,16,8,8,1
3268,352,288,16,16,8,8,1
3269,368,288,16,16,8,8,1
3270,384,288,16,16,8,8,1
3271,400,288,16,16,8,8,1
3272,416,288,16,16,8,8,1
3273,432,288,16,16,8,8,1
3274,416,288,16,16,8,8,1
3275,448,288,16,16,8,8,1
3276,464,288,16,16,8,8,1
3277,480,288,16,16,8,8,1
3278,496,288,16,16,8,8,1
3279,64,304,16,16,8,8,1
3280,80,304,16,16,8,8,1
3281,96,304,16,16,8,8,1
3282,112,304,16,16,8,8,1
3283,128,304,16,16,8,15,1
3284,144,304,16,16,8,15,1
3285,160,304,16,16,8,15,1
3286,128,304,48,16,24,15,1
3287,176,304,16,16,8,15,1
3288,192,304,16,16,8,15,1
3289,208,304,16,16,8,15,1
3290,176,304,48,16,24,15,1
3291,224,304,16,16,8,15,1
3292,240,304,16,16,8,15,1
3293,256,304,16,16,8,15,1
3294,224,304,48,16,24,15,1
3295,272,304,16,16,8,15,1
3296,288,304,16,16,8,15,1
3297,304,304,16,16,8,15,1
3298,272,304,48,16,24,15,1
3299,0,416,24,32,12,16,1
3300,24,416,24,32,12,16,1
3301,48,416,24,32,12,16,1
3302,72,416,24,32,12,16,1
3303,96,416,24,32,12,16,1
3304,120,416,24,32,12,16,1
3305,144,416,24,32,12,16,1
3306,120,416,24,32,12,16,9
3307,96,416,24,32,12,16,9
3308,72,416,24,32,12,16,9
3309,48,416,24,32,12,16,9
3310,24,416,24,32,12,16,9
3311,0,448,24,32,12,16,1
3312,24,448,24,32,12,16,1
3313,48,448,24,32,12,16,1
3314,72,448,24,32,12,16,1
3315,96,448,24,32,12,16,1
3316,120,448,24,32,12,16,1
3317,144,448,24,32,12,16,1
3318,120,448,24,32,12,16,9
3319,96,448,24,32,12,16,9
3320,72,448,24,32,12,16,9
3321,48,448,24,32,12,16,9
3322,24,448,24,32,12,16,9
3323,0,480,24,32,12,16,1
3324,24,480,24,32,12,16,1
3325,48,480,24,32,12,16,1
3326,72,480,24,32,12,16,1
3327,96,480,24,32,12,16,1
3328,120,480,24,32,12,16,1
3329,144,480,24,32,12,16,1
3330,120,480,24,32,12,16,9
3331,96,480,24,32,12,16,9
3332,72,480,24,32,12,16,9
3333,48,480,24,32,12,16,9
3334,24,480,24,32,12,16,9
3335,168,416,24,32,12,16,1
3336,192,416,24,32,12,16,1
3337,216,416,24,32,12,16,1
3338,168,448,24,32,12,16,1
3339,192,448,24,32,12,16,1
3340,216,448,24,32,12,16,1
3341,352,400,32,16,16,0,1
3342,384,400,32,16,16,0,1
3343,264,448,24,8,12,8,1
3344,264,456,24,8,12,8,1
3345,264,464,24,8,12,8,1
3346,264,456,24,8,12,8,9
3347,176,480,16,8,8,8,1
3348,176,488,16,8,8,8,1
3349,400,472,16,8,8,0,1
3350,400,480,16,8,8,0,1
3351,400,488,16,8,8,0,1
3352,320,384,8,16,4,8,1
3353,424,488,8,16,4,8,1
3354,352,416,16,8,8,8,1
3355,352,424,16,8,8,0,1
3356,352,432,16,8,8,0,1
3357,352,416,16,24,8,12,1
3358,416,472,8,16,4,8,1
3359,424,472,8,16,4,8,1
3360,432,472,8,16,4,8,1
3361,440,472,8,16,4,8,1
3362,400,440,8,16,4,8,1
3363,408,440,8,16,4,8,1
3364,416,440,8,16,4,8,1
3365,424,440,8,16,4,8,1
3366,400,456,8,16,4,8,1
3367,408,456,8,16,4,8,1
3368,416,456,8,16,4,8,1
3369,424,456,8,16,4,8,1
3370,472,400,8,8,4,4,1
3371,472,408,8,8,4,4,1
3372,480,480,8,8,4,4,1
3373,488,480,8,8,4,4,1
3374,480,480,8,8,4,4,9
3375,488,480,8,8,4,4,1
3376,496,480,8,8,4,4,1
3377,504,480,8,8,4,4,1
3378,496,480,8,8,4,4,9
3379,504,480,8,8,4,4,1
3380,288,504,8,8,4,4,1
3381,296,504,8,8,4,4,1
3382,304,504,8,8,4,4,1
3383,296,504,8,8,4,4,1
3384,264,472,8,8,4,4,1
3385,272,472,8,8,4,4,1
3386,280,472,8,8,4,4,1
3387,464,408,8,8,3,4,1
3388,464,400,8,8,3,4,1
3389,440,488,8,16,3,8,1
3390,432,488,8,16,3,8,1
3391,368,416,16,24,8,12,1
3392,448,112,16,16,8,8,1
3393,465,112,16,16,8,8,1
3394,480,112,16,16,8,8,1
3395,496,112,16,16,8,8,1
3396,432,440,16,8,7,4,1
3397,432,448,16,8,7,4,1
3398,432,456,16,8,7,4,1
3399,384,432,8,8,4,4,1
3400,392,432,8,8,4,4,1
3401,496,368,8,8,3,4,1
3402,496,376,8,8,3,4,1
3403,504,368,8,16,3,0,1
3404,192,128,16,16,8,8,1
3405,208,128,16,16,8,8,1
3406,224,128,16,16,8,8,1
3407,240,128,16,16,8,8,1
3408,256,128,16,16,8,8,1
3409,272,128,16,16,8,8,1
3410,288,128,16,16,8,8,1
3411,304,128,16,16,8,8,1
3412,0,128,16,16,8,8,1
3413,16,128,16,16,8,8,1
3414,32,128,16,16,8,8,1
3415,48,128,16,16,8,8,1
3416,64,128,16,16,8,15,1
3417,80,128,16,16,8,15,1
3418,96,128,16,16,8,15,1
3419,112,128,16,16,8,15,1
3420,128,128,16,16,8,15,1
3421,144,128,16,16,8,15,1
3422,160,128,16,16,8,15,1
3423,176,128,16,16,8,15,1
3424,96,384,32,32,16,16,1
3425,128,384,32,32,16,16,1
3426,160,384,32,32,16,16,1
3427,192,384,32,32,16,16,1
3428,224,384,32,32,16,16,1
3429,256,384,32,32,16,16,1
3430,288,384,32,32,16,16,1
3431,320,400,32,16,16,0,1
3432,0,320,32,32,16,16,1
3433,32,320,32,32,16,16,1
3434,64,320,32,32,16,16,1
3435,96,320,32,32,16,16,1
3436,96,320,32,32,16,16,9
3437,128,320,32,32,16,31,1
3438,160,320,32,32,16,31,1
3439,192,320,32,32,16,31,1
3440,224,320,32,32,16,31,1
3441,128,320,32,32,16,31,9
3442,160,320,32,32,16,31,9
3443,192,320,32,32,16,31,9
3444,224,320,32,32,16,31,9
3445,256,320,32,32,16,31,1
3446,288,320,32,32,16,31,1
3447,256,320,32,32,16,31,1
3448,320,320,32,32,16,31,1
3449,256,320,32,32,16,31,9
3450,288,320,32,32,16,31,9
3451,256,320,32,32,16,31,9
3452,320,320,32,32,16,31,9
3453,256,320,32,32,16,31,1
3454,352,320,32,32,16,31,1
3455,256,320,32,32,16,31,9
3456,352,320,32,32,16,31,9
3457,384,320,32,32,16,31,1
3458,416,320,32,32,16,31,1
3459,448,320,32,32,16,31,1
3460,384,320,32,32,16,31,9
3461,416,320,32,32,16,31,9
3462,448,320,32,32,16,31,9
3463,480,336,32,16,16,15,1
3464,480,336,32,16,16,15,9
3465,0,384,32,32,16,16,1
3466,32,384,32,32,16,16,1
3467,64,384,32,32,16,16,1
3468,336,480,16,32,8,16,17
3469,65,384,32,32,16,16,1
3470,336,480,16,32,8,16,1
3471,240,416,24,32,12,16,1
3472,264,416,24,32,12,16,1
3473,336,448,16,32,8,24,1
3474,240,448,24,32,12,31,1
3475,336,416,16,32,8,31,1
3476,416,496,8,8,4,0,1
3477,416,488,8,8,4,8,1
3478,496,320,16,8,8,8,1
3479,480,320,16,8,8,8,1
3480,0,352,32,32,16,16,1
3481,32,352,32,32,16,16,1
3482,64,352,32,32,16,16,1
3483,96,352,32,32,16,16,1
3484,128,352,32,32,16,16,1
3485,160,352,32,32,16,16,1
3486,192,352,32,32,16,16,1
3487,224,352,32,32,16,16,1
3488,256,352,32,32,16,16,1
3489,288,352,32,32,16,16,1
3490,320,352,32,32,16,16,1
3491,352,352,32,32,16,16,1
3492,384,352,32,32,16,16,1
3493,416,352,32,32,16,16,1
3494,448,352,32,32,16,16,1
3495,480,400,32,48,16,32,1
3496,480,448,32,32,16,0,1
3497,448,416,32,32,16,0,1
3498,416,416,32,24,16,0,1
3499,480,384,32,16,16,0,1
3500,384,416,32,16,16,0,1
3501,464,448,16,32,8,31,1
3502,448,448,16,32,8,31,1
3503,448,480,16,32,8,31,1
3504,464,480,16,32,8,0,1
3505,288,416,24,48,12,47,1
3506,288,464,24,40,12,39,1
3507,464,448,16,64,8,8,1
3508,320,304,16,16,8,8,1
3509,336,304,16,16,8,8,1
3510,352,304,16,16,24,32,1
3511,312,416,24,48,0,32,1
3512,312,416,24,48,24,36,9
3513,352,440,48,72,8,8,1
3514,368,304,80,16,8,8,1
3515,448,304,64,16,12,8,1
3516,480,496,24,16,8,8,1
3517,496,488,16,16,16,4,1
3518,480,496,32,8,12,8,1
3519,488,488,16,24,8,12,1
3520,488,496,24,16,12,8,1
3521,192,480,96,32,48,16,1
3522,400,504,32,8,16,4,1
3523,400,504,24,8,24,4,1
3524,400,504,24,8,0,4,1
3525,432,504,8,8,4,4,9
3526,440,504,8,8,4,4,1
3527,400,432,8,8,4,4,1
3528,408,432,8,8,4,4,1
3529,312,464,24,48,12,42,1
3530,0,0,16,16,8,15,1
3531,0,0,16,16,8,15,1
3532,0,0,16,16,8,15,1
3533,0,0,16,16,8,15,1
3534,0,0,16,16,8,15,1
3535,0,0,16,16,8,15,1
3536,0,0,16,16,8,15,1
3537,0,0,16,16,8,15,1
3538,0,0,16,16,8,15,1
3539,0,0,16,16,8,15,1
3540,0,0,16,16,8,15,1
3541,0,0,16,16,8,15,1
3542,0,0,16,16,8,15,1
3543,0,0,16,16,8,15,1
3544,0,0,16,16,8,15,1
3545,0,0,16,16,8,15,1
3546,0,0,16,16,8,15,1
3547,0,0,16,16,8,15,1
3548,0,0,16,16,8,15,1
3549,0,0,16,16,8,15,1
3550,0,0,16,16,8,15,1
3551,0,0,16,16,8,15,1
3552,0,0,16,16,8,15,1
3553,0,0,16,16,8,15,1
3554,0,0,16,16,8,15,1
3555,0,0,16,16,8,15,1
3556,0,0,16,16,8,15,1
3557,0,0,16,16,8,15,1
3558,0,0,16,16,8,15,1
3559,0,0,16,16,8,15,1
3560,0,0,16,16,8,15,1
3561,0,0,16,16,8,15,1
3562,0,0,16,16,8,15,1
3563,0,0,16,16,8,15,1
3564,0,0,16,16,8,15,1
3565,0,0,16,16,8,15,1
3566,0,0,16,16,8,15,1
3567,0,0,16,16,8,15,1
3568,0,0,16,16,8,15,1
3569,0,0,16,16,8,15,1
3570,0,0,16,16,8,15,1
3571,0,0,16,16,8,15,1
3572,0,0,16,16,8,15,1
3573,0,0,16,16,8,15,1
3574,0,0,16,16,8,15,1
3575,0,0,16,16,8,15,1
3576,0,0,16,16,8,15,1
3577,0,0,16,16,8,15,1
3578,0,0,16,16,8,15,1
3579,0,0,16,16,8,15,1
3580,0,0,16,16,8,15,1
3581,0,0,16,16,8,15,1
3582,0,0,16,16,8,15,1
3583,0,0,16,16,8,15,1
3584,0,0,16,16,8,15,1
3585,0,0,16,16,8,15,1
3586,0,0,16,16,8,15,1
3587,0,0,16,16,8,15,1
3588,0,0,16,16,8,15,1
3589,0,0,16,16,8,15,1
3590,0,0,16,16,8,15,1
3591,0,0,16,16,8,15,1
3592,0,0,16,16,8,15,1
3593,0,0,16,16,8,15,1
3594,0,0,16,16,8,15,1
3595,0,0,16,16,8,15,1
3596,0,0,16,16,8,15,1
3597,0,0,16,16,8,15,1
3598,0,0,16,16,8,15,1
3599,0,0,16,16,8,15,1
3600,0,0,16,16,8,15,1
3601,0,0,16,16,8,15,1
3602,0,0,16,16,8,15,1
3603,0,0,16,16,8,15,1
3604,0,0,16,16,8,15,1
3605,0,0,16,16,8,15,1
3606,0,0,16,16,8,15,1
3607,0,0,16,16,8,15,1
3608,0,0,16,16,8,15,1
3609,0,0,16,16,8,15,1
3610,0,0,16,16,8,15,1
3611,0,0,16,16,8,15,1
3612,0,0,16,16,8,15,1
3613,0,0,16,16,8,15,1
3614,0,0,16,16,8,15,1
3615,0,0,16,16,8,15,1
3616,0,0,16,16,8,15,1
3617,0,0,16,16,8,15,1
3618,0,0,16,16,8,15,1
3619,0,0,16,16,8,15,1
3620,0,0,16,16,8,15,1
3621,0,0,16,16,8,15,1
3622,0,0,16,16,8,15,1
3623,0,0,16,16,8,15,1
3624,0,0,16,16,8,15,1
3625,0,0,16,16,8,15,1
3626,0,0,16,16,8,15,1
3627,0,0,16,16,8,15,1
3628,0,0,16,16,8,15,1
3629,0,0,16,16,8,15,1
3630,0,0,16,16,8,15,1
3631,0,0,16,16,8,15,1
3632,0,0,16,16,8,15,1
3633,0,0,16,16,8,15,1
3634,0,0,16,16,8,15,1
3635,0,0,16,16,8,15,1
3636,0,0,16,16,8,15,1
3637,0,0,16,16,8,15,1
3638,0,0,16,16,8,15,1
3639,0,0,16,16,8,15,1
3640,0,0,16,16,8,15,1
3641,0,0,16,16,8,15,1
3642,0,0,16,16,8,15,1
3643,0,0,16,16,8,15,1
3644,0,0,16,16,8,15,1
3645,0,0,16,16,8,15,1
3646,0,0,16,16,8,15,1
3647,0,0,16,16,8,15,1
3648,0,0,16,16,8,15,1
3649,0,0,16,16,8,15,1
3650,0,0,16,16,8,15,1
3651,0,0,16,16,8,15,1
3652,0,0,16,16,8,15,1
3653,0,0,16,16,8,15,1
3654,0,0,16,16,8,15,1
3655,0,0,16,16,8,15,1
3656,0,0,16,16,8,15,1
3657,0,0,16,16,8,15,1
3658,0,0,16,16,8,15,1
3659,0,0,16,16,8,15,1
3660,0,0,16,16,8,15,1
3661,0,0,16,16,8,15,1
3662,0,0,16,16,8,15,1
3663,0,0,16,16,8,15,1
3664,0,0,16,16,8,15,1
3665,0,0,16,16,8,15,1
3666,0,0,16,16,8,15,1
3667,0,0,16,16,8,15,1
3668,0,0,16,16,8,15,1
3669,0,0,16,16,8,15,1
3670,0,0,16,16,8,15,1
3671,0,0,16,16,8,15,1
3672,0,0,16,16,8,15,1
3673,0,0,16,16,8,15,1
3674,0,0,16,16,8,15,1
3675,0,0,16,16,8,15,1
3676,0,0,16,16,8,15,1
3677,0,0,16,16,8,15,1
3678,0,0,16,16,8,15,1
3679,0,0,16,16,8,15,1
3680,0,0,16,16,8,15,1
3681,0,0,16,16,8,15,1
3682,0,0,16,16,8,15,1
3683,0,0,16,16,8,15,1
3684,0,0,16,16,8,15,1
3685,0,0,16,16,8,15,1
3686,0,0,16,16,8,15,1
3687,0,0,16,16,8,15,1
3688,0,0,16,16,8,15,1
3689,0,0,16,16,8,15,1
3690,0,0,16,16,8,15,1
3691,0,0,16,16,8,15,1
3692,0,0,16,16,8,15,1
3693,0,0,16,16,8,15,1
3694,0,0,16,16,8,15,1
3695,0,0,16,16,8,15,1
3696,0,0,16,16,8,15,1
3697,0,0,16,16,8,15,1
3698,0,0,16,16,8,15,1
3699,0,0,16,16,8,15,1
3700,0,0,16,16,8,15,1
3701,0,0,16,16,8,15,1
3702,0,0,16,16,8,15,1
3703,0,0,16,16,8,15,1
3704,0,0,16,16,8,15,1
3705,0,0,16,16,8,15,1
3706,0,0,16,16,8,15,1
3707,0,0,16,16,8,15,1
3708,0,0,16,16,8,15,1
3709,0,0,16,16,8,15,1
3710,0,0,16,16,8,15,1
3711,0,0,16,16,8,15,1
3712,0,0,16,16,8,15,1
3713,0,0,16,16,8,15,1
3714,0,0,16,16,8,15,1
3715,0,0,16,16,8,15,1
3716,0,0,16,16,8,15,1
3717,0,0,16,16,8,15,1
3718,0,0,16,16,8,15,1
3719,0,0,16,16,8,15,1
3720,0,0,16,16,8,15,1
3721,0,0,16,16,8,15,1
3722,0,0,16,16,8,15,1
3723,0,0,16,16,8,15,1
3724,0,0,16,16,8,15,1
3725,0,0,16,16,8,15,1
3726,0,0,16,16,8,15,1
3727,0,0,16,16,8,15,1
3728,0,0,16,16,8,15,1
3729,0,0,16,16,8,15,1
3730,0,0,16,16,8,15,1
3731,0,0,16,16,8,15,1
3732,0,0,16,16,8,15,1
3733,0,0,16,16,8,15,1
3734,0,0,16,16,8,15,1
3735,0,0,16,16,8,15,1
3736,0,0,16,16,8,15,1
3737,0,0,16,16,8,15,1
3738,0,0,16,16,8,15,1
3739,0,0,16,16,8,15,1
3740,0,0,16,16,8,15,1
3741,0,0,16,16,8,15,1
3742,0,0,16,16,8,15,1
3743,0,0,16,16,8,15,1
3744,0,0,16,16,8,15,1
3745,0,0,16,16,8,15,1
3746,0,0,16,16,8,15,1
3747,0,0,16,16,8,15,1
3748,0,0,16,16,8,15,1
3749,0,0,16,16,8,15,1
3750,0,0,16,16,8,15,1
3751,0,0,16,16,8,15,1
3752,0,0,16,16,8,15,1
3753,0,0,16,16,8,15,1
3754,0,0,16,16,8,15,1
3755,0,0,16,16,8,15,1
3756,0,0,16,16,8,15,1
3757,0,0,16,16,8,15,1
3758,0,0,16,16,8,15,1
3759,0,0,16,16,8,15,1
3760,0,0,16,16,8,15,1
3761,0,0,16,16,8,15,1
3762,0,0,16,16,8,15,1
3763,0,0,16,16,8,15,1
3764,0,0,16,16,8,15,1
3765,0,0,16,16,8,15,1
3766,0,0,16,16,8,15,1
3767,0,0,16,16,8,15,1
3768,0,0,16,16,8,15,1
3769,0,0,16,16,8,15,1
3770,0,0,16,16,8,15,1
3771,0,0,16,16,8,15,1
3772,0,0,16,16,8,15,1
3773,0,0,16,16,8,15,1
3774,0,0,16,16,8,15,1
3775,0,0,16,16,8,15,1
3776,0,0,16,16,8,15,1
3777,0,0,16,16,8,15,1
3778,0,0,16,16,8,15,1
3779,0,0,16,16,8,15,1
3780,0,0,16,16,8,15,1
3781,0,0,16,16,8,15,1
3782,0,0,16,16,8,15,1
3783,0,0,16,16,8,15,1
3784,0,0,16,16,8,15,1
3785,0,0,16,16,8,15,1
3786,0,0,16,16,8,15,1
3787,0,0,16,16,8,15,1
3788,0,0,16,16,8,15,1
3789,0,0,16,16,8,15,1
3790,0,0,16,16,8,15,1
3791,0,0,16,16,8,15,1
3792,0,0,16,16,8,15,1
3793,0,0,16,16,8,15,1
3794,0,0,16,16,8,15,1
3795,0,0,16,16,8,15,1
3796,0,0,16,16,8,15,1
3797,0,0,16,16,8,15,1
3798,0,0,16,16,8,15,1
3799,0,0,16,16,8,15,1
3800,0,0,16,16,8,15,1
3801,0,0,16,16,8,15,1
3802,0,0,16,16,8,15,1
3803,0,0,16,16,8,15,1
3804,0,0,16,16,8,15,1
3805,0,0,16,16,8,15,1
3806,0,0,16,16,8,15,1
3807,0,0,16,16,8,15,1
3808,0,0,16,16,8,15,1
3809,0,0,16,16,8,15,1
3810,0,0,16,16,8,15,1
3811,0,0,16,16,8,15,1
3812,0,0,16,16,8,15,1
3813,0,0,16,16,8,15,1
3814,0,0,16,16,8,15,1
3815,0,0,16,16,8,15,1
3816,0,0,16,16,8,15,1
3817,0,0,16,16,8,15,1
3818,0,0,16,16,8,15,1
3819,0,0,16,16,8,15,1
3820,0,0,16,16,8,15,1
3821,0,0,16,16,8,15,1
3822,0,0,16,16,8,15,1
3823,0,0,16,16,8,15,1
3824,0,0,16,16,8,15,1
3825,0,0,16,16,8,15,1
3826,0,0,16,16,8,15,1
3827,0,0,16,16,8,15,1
3828,0,0,16,16,8,15,1
3829,0,0,16,16,8,15,1
3830,0,0,16,16,8,15,1
3831,0,0,16,16,8,15,1
3832,0,0,16,16,8,15,1
3833,0,0,16,16,8,15,1
3834,0,0,16,16,8,15,1
3835,0,0,16,16,8,15,1
3836,0,0,16,16,8,15,1
3837,0,0,16,16,8,15,1
3838,0,0,16,16,8,15,1
3839,0,0,16,16,8,15,1
3840,0,0,16,16,8,15,1
3841,0,0,16,16,8,15,1
3842,0,0,16,16,8,15,1
3843,0,0,16,16,8,15,1
3844,0,0,16,16,8,15,1
3845,0,0,16,16,8,15,1
3846,0,0,16,16,8,15,1
3847,0,0,16,16,8,15,1
3848,0,0,16,16,8,15,1
3849,0,0,16,16,8,15,1
3850,0,0,16,16,8,15,1
3851,0,0,16,16,8,15,1
3852,0,0,16,16,8,15,1
3853,0,0,16,16,8,15,1
3854,0,0,16,16,8,15,1
3855,0,0,16,16,8,15,1
3856,0,0,16,16,8,15,1
3857,0,0,16,16,8,15,1
3858,0,0,16,16,8,15,1
3859,0,0,16,16,8,15,1
3860,0,0,16,16,8,15,1
3861,0,0,16,16,8,15,1
3862,0,0,16,16,8,15,1
3863,0,0,16,16,8,15,1
3864,0,0,16,16,8,15,1
3865,0,0,16,16,8,15,1
3866,0,0,16,16,8,15,1
3867,0,0,16,16,8,15,1
3868,0,0,16,16,8,15,1
3869,0,0,16,16,8,15,1
3870,0,0,16,16,8,15,1
3871,0,0,16,16,8,15,1
3872,0,0,16,16,8,15,1
3873,0,0,16,16,8,15,1
3874,0,0,16,16,8,15,1
3875,0,0,16,16,8,15,1
3876,0,0,16,16,8,15,1
3877,0,0,16,16,8,15,1
3878,0,0,16,16,8,15,1
3879,0,0,16,16,8,15,1
3880,0,0,16,16,8,15,1
3881,0,0,16,16,8,15,1
3882,0,0,16,16,8,15,1
3883,0,0,16,16,8,15,1
3884,0,0,16,16,8,15,1
3885,0,0,16,16,8,15,1
3886,0,0,16,16,8,15,1
3887,0,0,16,16,8,15,1
3888,0,0,16,16,8,15,1
3889,0,0,16,16,8,15,1
3890,0,0,16,16,8,15,1
3891,0,0,16,16,8,15,1
3892,0,0,16,16,8,15,1
3893,0,0,16,16,8,15,1
3894,0,0,16,16,8,15,1
3895,0,0,16,16,8,15,1
3896,0,0,16,16,8,15,1
3897,0,0,16,16,8,15,1
3898,0,0,16,16,8,15,1
3899,0,0,16,16,8,15,1
3900,0,0,16,16,8,15,1
3901,0,0,16,16,8,15,1
3902,0,0,16,16,8,15,1
3903,0,0,16,16,8,15,1
3904,0,0,16,16,8,15,1
3905,0,0,16,16,8,15,1
3906,0,0,16,16,8,15,1
3907,0,0,16,16,8,15,1
3908,0,0,16,16,8,15,1
3909,0,0,16,16,8,15,1
3910,0,0,16,16,8,15,1
3911,0,0,16,16,8,15,1
3912,0,0,16,16,8,15,1
3913,0,0,16,16,8,15,1
3914,0,0,16,16,8,15,1
3915,0,0,16,16,8,15,1
3916,0,0,16,16,8,15,1
3917,0,0,16,16,8,15,1
3918,0,0,16,16,8,15,1
3919,0,0,16,16,8,15,1
3920,0,0,16,16,8,15,1
3921,0,0,16,16,8,15,1
3922,0,0,16,16,8,15,1
3923,0,0,16,16,8,15,1
3924,0,0,16,16,8,15,1
3925,0,0,16,16,8,15,1
3926,0,0,16,16,8,15,1
3927,0,0,16,16,8,15,1
3928,0,0,16,16,8,15,1
3929,0,0,16,16,8,15,1
3930,0,0,16,16,8,15,1
3931,0,0,16,16,8,15,1
3932,0,0,16,16,8,15,1
3933,0,0,16,16,8,15,1
3934,0,0,16,16,8,15,1
3935,0,0,16,16,8,15,1
3936,0,0,16,16,8,15,1
3937,0,0,16,16,8,15,1
3938,0,0,16,16,8,15,1
3939,0,0,16,16,8,15,1
3940,0,0,16,16,8,15,1
3941,0,0,16,16,8,15,1
3942,0,0,16,16,8,15,1
3943,0,0,16,16,8,15,1
3944,0,0,16,16,8,15,1
3945,0,0,16,16,8,15,1
3946,0,0,16,16,8,15,1
3947,0,0,16,16,8,15,1
3948,0,0,16,16,8,15,1
3949,0,0,16,16,8,15,1
3950,0,0,16,16,8,15,1
3951,0,0,16,16,8,15,1
3952,0,0,16,16,8,15,1
3953,0,0,16,16,8,15,1
3954,0,0,16,16,8,15,1
3955,0,0,16,16,8,15,1
3956,0,0,16,16,8,15,1
3957,0,0,16,16,8,15,1
3958,0,0,16,16,8,15,1
3959,0,0,16,16,8,15,1
3960,0,0,16,16,8,15,1
3961,0,0,16,16,8,15,1
3962,0,0,16,16,8,15,1
3963,0,0,16,16,8,15,1
3964,0,0,16,16,8,15,1
3965,0,0,16,16,8,15,1
3966,0,0,16,16,8,15,1
3967,0,0,16,16,8,15,1
3968,0,0,16,16,8,15,1
3969,0,0,16,16,8,15,1
3970,0,0,16,16,8,15,1
3971,0,0,16,16,8,15,1
3972,0,0,16,16,8,15,1
3973,0,0,16,16,8,15,1
3974,0,0,16,16,8,15,1
3975,0,0,16,16,8,15,1
3976,0,0,16,16,8,15,1
3977,0,0,16,16,8,15,1
3978,0,0,16,16,8,15,1
3979,0,0,16,16,8,15,1
3980,0,0,16,16,8,15,1
3981,0,0,16,16,8,15,1
3982,0,0,16,16,8,15,1
3983,0,0,16,16,8,15,1
3984,0,0,16,16,8,15,1
3985,0,0,16,16,8,15,1
3986,0,0,16,16,8,15,1
3987,0,0,16,16,8,15,1
3988,0,0,16,16,8,15,1
3989,0,0,16,16,8,15,1
3990,0,0,16,16,8,15,1
3991,0,0,16,16,8,15,1
3992,0,0,16,16,8,15,1
3993,0,0,16,16,8,15,1
3994,0,0,16,16,8,15,1
3995,0,0,16,16,8,15,1
3996,0,0,16,16,8,15,1
3997,0,0,16,16,8,15,1
3998,0,0,16,16,8,15,1
3999,0,0,16,16,8,15,1
4000,0,0,16,16,8,15,1
4001,0,0,16,16,8,15,1
4002,0,0,16,16,8,15,1
4003,0,0,16,16,8,15,1
4004,0,0,16,16,8,15,1
4005,0,0,16,16,8,15,1
4006,0,0,16,16,8,15,1
4007,0,0,16,16,8,15,1
4008,0,0,16,16,8,15,1
4009,0,0,16,16,8,15,1
4010,0,0,16,16,8,15,1
4011,0,0,16,16,8,15,1
4012,0,0,16,16,8,15,1
4013,0,0,16,16,8,15,1
4014,0,0,16,16,8,15,1
4015,0,0,16,16,8,15,1
4016,0,0,16,16,8,15,1
4017,0,0,16,16,8,15,1
4018,0,0,16,16,8,15,1
4019,0,0,16,16,8,15,1
4020,0,0,16,16,8,15,1
4021,0,0,16,16,8,15,1
4022,0,0,16,16,8,15,1
4023,0,0,16,16,8,15,1
4024,0,0,16,16,8,15,1
4025,0,0,16,16,8,15,1
4026,0,0,16,16,8,15,1
4027,0,0,16,16,8,15,1
4028,0,0,16,16,8,15,1
4029,0,0,16,16,8,15,1
4030,0,0,16,16,8,15,1
4031,0,0,16,16,8,15,1
4032,0,0,16,16,8,15,1
4033,0,0,16,16,8,15,1
4034,0,0,16,16,8,15,1
4035,0,0,16,16,8,15,1
4036,0,0,16,16,8,15,1
4037,0,0,16,16,8,15,1
4038,0,0,16,16,8,15,1
4039,0,0,16,16,8,15,1
4040,0,0,16,16,8,15,1
4041,0,0,16,16,8,15,1
4042,0,0,16,16,8,15,1
4043,0,0,16,16,8,15,1
4044,0,0,16,16,8,15,1
4045,0,0,16,16,8,15,1
4046,0,0,16,16,8,15,1
4047,0,0,16,16,8,15,1
4048,0,0,16,16,8,15,1
4049,0,0,16,16,8,15,1
4050,0,0,16,16,8,15,1
4051,0,0,16,16,8,15,1
4052,0,0,16,16,8,15,1
4053,0,0,16,16,8,15,1
4054,0,0,16,16,8,15,1
4055,0,0,16,16,8,15,1
4056,0,0,16,16,8,15,1
4057,0,0,16,16,8,15,1
4058,0,0,16,16,8,15,1
4059,0,0,16,16,8,15,1
4060,0,0,16,16,8,15,1
4061,0,0,16,16,8,15,1
4062,0,0,16,16,8,15,1
4063,0,0,16,16,8,15,1
4064,0,0,16,16,8,15,1
4065,0,0,16,16,8,15,1
4066,0,0,16,16,8,15,1
4067,0,0,16,16,8,15,1
4068,0,0,16,16,8,15,1
4069,0,0,16,16,8,15,1
4070,0,0,16,16,8,15,1
4071,0,0,16,16,8,15,1
4072,0,0,16,16,8,15,1
4073,0,0,16,16,8,15,1
4074,0,0,16,16,8,15,1
4075,0,0,16,16,8,15,1
4076,0,0,16,16,8,15,1
4077,0,0,16,16,8,15,1
4078,0,0,16,16,8,15,1
4079,0,0,16,16,8,15,1
4080,0,0,16,16,8,15,1
4081,0,0,16,16,8,15,1
4082,0,0,16,16,8,15,1
4083,0,0,16,16,8,15,1
4084,0,0,16,16,8,15,1
4085,0,0,16,16,8,15,1
4086,0,0,16,16,8,15,1
4087,0,0,16,16,8,15,1
4088,0,0,16,16,8,15,1
4089,0,0,16,16,8,15,1
4090,0,0,16,16,8,15,1
4091,0,0,16,16,8,15,1
4092,0,0,16,16,8,15,1
4093,0,0,16,16,8,15,1
4094,0,0,16,16,8,15,1
4095,192,480,96,32,48,16,1
